event_artist_id,event_id,artist_id,billing_order,is_event_title,source_column,original_text
1,1,429,1,True,Show,Live
2,1,597,2,False,Unnamed: 6,PJ Harvey
3,1,924,3,False,Unnamed: 7,Veruca Salt
4,1,135,4,False,Unnamed: 8,Buffalo Tom
5,2,614,1,True,Show,Q101's Twisted Christmas 2
6,2,947,2,False,Unnamed: 6,White Zombie
7,2,548,3,False,Unnamed: 7,Oasis
8,2,28,4,False,Unnamed: 8,Alanis Morissette
9,2,719,5,False,Unnamed: 9,Soul Asylum
10,2,602,6,False,Unnamed: 10,Porno for Pyros
11,2,304,7,False,Unnamed: 11,Goo Goo Dolls
12,2,694,8,False,Unnamed: 12,Silverchair
13,2,895,9,False,Unnamed: 13,Tripping Daisy
14,3,723,1,True,Show,Spacehog
15,3,660,2,False,Unnamed: 6,Ruth Ruth
16,3,518,3,False,Unnamed: 7,Mr Miraingai
17,4,250,1,True,Show,Everclear
18,4,889,2,False,Unnamed: 6,Tracy Bonham
19,4,723,3,False,Unnamed: 7,Spacehog
20,4,681,4,False,Unnamed: 8,Seven Year Bitch
21,5,706,1,True,Show,Smashing Pumpkins
22,6,535,1,True,Show,Neil Yong with Crazy Horse
23,6,189,2,False,Unnamed: 6,Dave Matthews Band
24,6,297,3,False,Unnamed: 7,Gin Blossoms
25,7,402,1,True,Show,Kick-Off Concert
26,7,526,2,False,Unnamed: 6,Nada Surf
27,7,608,3,False,Unnamed: 7,Primitive Radio Gods
28,7,292,4,False,Unnamed: 8,Geggy Tah
29,8,208,1,True,Show,Dishwalla
30,8,631,2,False,Unnamed: 6,Refreshments
31,8,885,3,False,Unnamed: 7,Tonic
32,9,741,1,True,Show,Stone Temple Pilots
33,9,432,2,False,Unnamed: 6,Local H
34,10,429,1,True,Show,Live
35,10,284,2,False,Unnamed: 6,Fun Lovin' Criminals
36,11,174,1,True,Show,Counting Crows
37,11,244,2,False,Unnamed: 6,Engine 88
38,12,138,1,True,Show,Bush
39,12,924,2,False,Unnamed: 6,Veruca Salt
40,13,612,1,True,Show,Q101's Jamboree '97
41,13,245,2,False,Unnamed: 6,Erasure
42,13,138,3,False,Unnamed: 7,Bush
43,13,925,4,False,Unnamed: 8,Verve Pipe
44,13,82,5,False,Unnamed: 9,Beck
45,13,924,6,False,Unnamed: 10,Veruca Salt
46,13,145,7,False,Unnamed: 11,Cardigans
47,13,362,8,False,Unnamed: 12,Jamiroquai
48,13,493,9,False,Unnamed: 13,Mighty Mighty Bosstones
49,13,635,10,False,Unnamed: 14,Republica
50,13,227,11,False,Unnamed: 15,Echo and the Bunnymen
51,13,720,12,False,Unnamed: 16,Soul Coughing
52,13,712,13,False,Unnamed: 17,Social Distortion
53,14,171,1,True,Show,Collective Soul
54,14,187,2,False,Unnamed: 6,Darlahood
55,15,903,1,True,Show,U2
56,15,284,2,False,Unnamed: 6,Fun Lovin' Criminals
57,16,174,1,True,Show,Counting Crows
58,16,861,2,False,Unnamed: 6,The Wallflowers
59,16,93,3,False,Unnamed: 7,Bettie Serveert
60,17,699,1,True,Show,Sister Hazel
61,17,260,2,False,Unnamed: 6,Fat Banana
62,18,925,1,True,Show,Verve Pipe
63,18,885,2,False,Unnamed: 6,Tonic
64,18,394,3,False,Unnamed: 7,K's Choice
65,19,429,1,True,Show,Live
66,19,455,2,False,Unnamed: 6,Luscious Jackson
67,19,375,3,False,Unnamed: 7,Jimmie's Chicken Shack
68,20,623,1,True,Show,Rage Against the Machine
69,20,960,2,False,Unnamed: 6,Wu Tang Clan
70,20,59,3,False,Unnamed: 7,Atari Teenage Riot
71,21,20,1,True,Show,Aerosmith
72,21,385,2,False,Unnamed: 6,Jonny Lang
73,22,631,1,True,Show,Refreshments
74,22,288,2,False,Unnamed: 6,Garrison Starr
75,23,250,1,True,Show,Everclear
76,23,564,2,False,Unnamed: 6,Our Lady Peace
77,23,418,3,False,Unnamed: 7,Letters to Cleo
78,24,564,1,True,Show,Our Lady Peace
79,24,101,2,False,Unnamed: 6,Black Lab
80,25,564,1,True,Show,Our Lady Peace
81,25,101,2,False,Unnamed: 6,Black Lab
82,26,613,1,True,Show,Q101's Jamboree '98
83,26,276,2,False,Unnamed: 6,Foo Fighters
84,26,719,3,False,Unnamed: 7,Soul Asylum
85,26,77,4,False,Unnamed: 8,Barenaked Ladies
86,26,673,5,False,Unnamed: 9,Scott Weiland
87,26,179,6,False,Unnamed: 10,Creed
88,26,85,7,False,Unnamed: 11,Ben Folds Five
89,26,723,8,False,Unnamed: 12,Spacehog
90,26,726,9,False,Unnamed: 13,Specials
91,26,869,10,False,Unnamed: 14,They Might Be Giants
92,26,325,11,False,Unnamed: 15,Harvey Danger
93,26,249,12,False,Unnamed: 16,Eve 6
94,26,259,13,False,Unnamed: 17,Fastball
95,27,250,1,True,Show,Everclear
96,27,466,2,False,Unnamed: 6,Marcy Playground
97,27,259,3,False,Unnamed: 7,Fastball
98,28,706,1,True,Show,Smashing Pumpkins
99,28,157,2,False,Unnamed: 6,Cheap Trick
100,29,69,1,True,Show,B-52's
101,29,607,2,False,Unnamed: 6,Pretenders
102,29,656,3,False,Unnamed: 7,Royal Crown Revue
103,30,394,1,True,Show,K's Choice
104,30,908,2,False,Unnamed: 6,Uninvited
105,31,962,1,True,Show,X-Fest '98
106,31,179,2,False,Unnamed: 6,Creed
107,31,871,3,False,Unnamed: 7,Third Eye Blind
108,31,466,4,False,Unnamed: 8,Marcy Playground
109,31,564,5,False,Unnamed: 9,Our Lady Peace
110,31,101,6,False,Unnamed: 10,Black Lab
111,31,733,7,False,Unnamed: 11,Stabbing Westward
112,31,426,8,False,Unnamed: 12,Limp Bizkit
113,31,731,9,False,Unnamed: 13,Sprung Monkey
114,31,249,10,False,Unnamed: 14,Eve 6
115,31,60,11,False,Unnamed: 15,Athenaeum
116,32,475,1,True,Show,Matchbox 20
117,32,719,2,False,Unnamed: 6,Soul Asylum
118,32,677,3,False,Unnamed: 7,Semisonic
119,33,699,1,True,Show,Sister Hazel
120,33,483,2,False,Unnamed: 6,Memory Dean
121,34,895,1,True,Show,Tripping Daisy
122,34,271,2,False,Unnamed: 6,Flick
123,34,120,3,False,Unnamed: 7,Bradford Reed and his Amazing Pencilina
124,35,871,1,True,Show,Third Eye Blind
125,35,249,2,False,Unnamed: 6,Eve 6
126,35,216,3,False,Unnamed: 7,Dovetail Joint
127,36,92,1,True,Show,Better Than Ezra
128,36,60,2,False,Unnamed: 6,Athenaeum
129,36,605,3,False,Unnamed: 7,Possum Dixon
130,37,304,1,True,Show,Goo Goo Dolls
131,37,135,2,False,Unnamed: 6,Buffalo Tom
132,38,99,1,True,Show,Billy Joel
133,39,552,1,True,Show,Offspring
134,39,910,2,False,Unnamed: 6,Unwritten Law
135,39,474,3,False,Unnamed: 7,Mary Tyler Morphine
136,40,615,1,True,Show,Q101's Twisted Christmas 5
137,40,82,2,False,Unnamed: 6,Beck
138,40,871,3,False,Unnamed: 7,Third Eye Blind
139,40,287,4,False,Unnamed: 8,Garbage
140,40,304,5,False,Unnamed: 9,Goo Goo Dolls
141,40,720,6,False,Unnamed: 10,Soul Coughing
142,40,143,7,False,Unnamed: 11,Cake
143,40,251,8,False,Unnamed: 12,Everlast
144,41,677,1,True,Show,Semisonic
145,41,634,2,False,Unnamed: 6,Remy Zero
146,41,814,3,False,Unnamed: 7,The Hang-Ups
147,42,92,1,True,Show,Better Than Ezra
148,42,388,2,False,Unnamed: 6,Jude
149,43,259,1,True,Show,Fastball
150,43,296,2,False,Unnamed: 6,Gigolo Aunts
151,44,171,1,True,Show,Collective Soul
152,44,472,2,False,Unnamed: 6,Marvelous 3
153,45,664,1,True,Show,Santana
154,45,571,2,False,Unnamed: 6,Ozomatli
155,46,216,1,True,Show,Dovetail Joint
156,46,452,2,False,Unnamed: 6,Lucky Boy's Confusion
157,46,158,3,False,Unnamed: 7,Chevelle
158,46,471,4,False,Unnamed: 8,Marvel Kind
159,47,729,1,True,Show,Sponge
160,47,675,2,False,Unnamed: 6,Second Cumming
161,47,922,3,False,Unnamed: 7,Veronica 37
162,48,381,1,True,Show,John Mellencamp
163,48,717,2,False,Unnamed: 6,Son Volt
164,49,174,1,True,Show,Counting Crows
165,49,296,2,False,Unnamed: 6,Gigolo Aunts
166,50,884,1,True,Show,Tom Petty and the Heartbreakers
167,50,451,2,False,Unnamed: 6,Lucinda Williams
168,51,216,1,True,Show,Dovetail Joint
169,51,472,2,False,Unnamed: 6,Marvelous 3
170,51,936,3,False,Unnamed: 7,Watchmen
171,51,683,4,False,Unnamed: 8,Shades Apart
172,52,304,1,True,Show,Goo Goo Dolls
173,52,745,2,False,Unnamed: 6,Sugar Ray
174,52,259,3,False,Unnamed: 7,Fastball
175,53,968,1,True,Show,Young Dubliners
176,53,923,2,False,Unnamed: 6,Vertical Horizon
177,54,632,1,True,Show,REM
178,54,949,2,False,Unnamed: 6,Wilco
179,55,416,1,True,Show,Lenny Kravitz
180,55,707,2,False,Unnamed: 6,Smashmouth
181,55,281,3,False,Unnamed: 7,Freestylers
182,56,117,1,True,Show,Bonnie Raitt
183,56,359,2,False,Unnamed: 6,Jackson Browne
184,56,130,3,False,Unnamed: 7,Bruce Hornsby
185,56,687,4,False,Unnamed: 8,Shawn Colvin
186,56,933,5,False,Unnamed: 9,Wally Ingram/David Lindley
187,57,369,1,True,Show,Jeff Beck
188,57,385,2,False,Unnamed: 6,Jonny Lang
189,58,463,1,True,Show,Manic Street Preachers
190,58,540,2,False,Unnamed: 6,New Rising Sons
191,59,890,1,True,Show,Train
192,59,727,2,False,Unnamed: 6,Splender
193,59,690,3,False,Unnamed: 7,Shooter
194,60,472,1,True,Show,Marvelous 3
195,60,692,2,False,Unnamed: 6,Showoff
196,60,676,3,False,Unnamed: 7,Self
197,61,216,1,True,Show,Dovetail Joint
198,61,15,2,False,Unnamed: 6,Absinthe Blind
199,61,9,3,False,Unnamed: 7,40 Minute Finish
200,62,92,1,True,Show,Better Than Ezra
201,62,700,2,False,Unnamed: 6,Sixpence None the Richer
202,62,371,3,False,Unnamed: 7,Jeremy Toback
203,63,216,1,True,Show,Dovetail Joint
204,63,115,2,False,Unnamed: 6,Bomb Pop
205,63,630,3,False,Unnamed: 7,Red Star Bellgrade
206,63,659,4,False,Unnamed: 8,Ruth Buzzy
207,64,882,1,True,Show,Tom Petty & the Heartbrakers
208,64,106,2,False,Unnamed: 6,Blind Boys of Alabama
209,65,179,1,True,Show,Creed
210,65,564,2,False,Unnamed: 6,Our Lady Peace
211,65,557,3,False,Unnamed: 7,Oleander
212,66,381,1,True,Show,John Mellencamp
213,66,750,2,False,Unnamed: 6,Susan Tedeschi
214,67,429,1,True,Show,Live
215,67,162,2,False,Unnamed: 6,Cibo Matto
216,68,174,1,True,Show,Counting Crows
217,68,296,2,False,Unnamed: 6,Gigolo Aunts
218,68,378,3,False,Unnamed: 7,Joe 90
219,69,174,1,True,Show,Counting Crows
220,69,296,2,False,Unnamed: 6,Gigolo Aunts
221,69,378,3,False,Unnamed: 7,Joe 90
222,70,138,1,True,Show,Bush
223,70,195,2,False,Unnamed: 6,Days of the New
224,70,132,3,False,Unnamed: 7,Buckcherry
225,70,434,4,False,Unnamed: 8,Locomotiv
226,71,743,1,True,Show,Stroke 9
227,71,248,2,False,Unnamed: 6,Ethyline
228,72,174,1,True,Show,Counting Crows
229,72,378,2,False,Unnamed: 6,Joe 90
230,73,707,1,True,Show,Smash Mouth
231,73,455,2,False,Unnamed: 6,Luscious Jackson
232,73,6,3,False,Unnamed: 7,22 Jacks
233,74,289,1,True,Show,Gas Giants
234,74,499,2,False,Unnamed: 6,Million Yen
235,74,734,3,False,Unnamed: 7,Starball
236,75,607,1,True,Show,Pretenders
237,75,663,2,False,Unnamed: 6,Sandra Bernhardt (Comedian)
238,76,923,1,True,Show,Vertical Horizon
239,76,585,2,False,Unnamed: 6,Pet Engine
240,76,621,3,False,Unnamed: 7,Radford
241,77,871,1,True,Show,Third Eye Blind
242,77,885,2,False,Unnamed: 6,Tonic
243,78,871,1,True,Show,Third Eye Blind
244,78,885,2,False,Unnamed: 6,Tonic
245,79,428,1,True,Show,Lit
246,79,668,2,False,Unnamed: 6,Save Ferris
247,79,6,3,False,Unnamed: 7,22 Jacks
248,80,561,1,True,Show,Organic
249,80,437,2,False,Unnamed: 6,Lokomotiv
250,80,764,3,False,Unnamed: 7,Tenki
251,80,119,4,False,Unnamed: 8,Bound to Change
252,81,22,1,True,Show,After Five Live
253,81,289,2,False,Unnamed: 6,Gas Giants
254,82,22,1,True,Show,After Five Live
255,82,727,2,False,Unnamed: 6,Splender
256,83,432,1,True,Show,Local H
257,83,216,2,False,Unnamed: 6,Dovetail Joint
258,83,867,3,False,Unnamed: 7,Then Again...
259,83,748,4,False,Unnamed: 8,Sullen
260,84,706,1,True,Show,Smashing Pumpkins
261,85,432,1,True,Show,Local H
262,85,216,2,False,Unnamed: 6,Dovetail Joint
263,85,748,3,False,Unnamed: 7,Sullen
264,86,890,1,True,Show,Train
265,86,740,2,False,Unnamed: 6,Stir
266,87,743,1,True,Show,Stroke 9
267,87,383,2,False,Unnamed: 6,Johnny Clueless
268,88,452,1,True,Show,Lucky Boy's Confusion
269,88,256,2,False,Unnamed: 6,Face First
270,88,583,3,False,Unnamed: 7,Penny and the Loafers
271,89,361,1,True,Show,Jamboree 2000
272,89,7,2,False,Unnamed: 6,311
273,89,871,3,False,Unnamed: 7,Third Eye Blind
274,89,250,4,False,Unnamed: 8,Everclear
275,89,502,5,False,Unnamed: 9,Moby
276,89,111,6,False,Unnamed: 10,Bloodhound Gang
277,89,442,7,False,Unnamed: 11,Long Beach Dub All Stars
278,89,493,8,False,Unnamed: 12,Mighty Mighty Bosstones
279,89,302,9,False,Unnamed: 13,Goldfinger
280,89,893,10,False,Unnamed: 14,Travis
281,89,249,11,False,Unnamed: 15,Eve 6
282,89,747,12,False,Unnamed: 16,Suicide Machines
283,90,805,1,True,Show,The Flys
284,90,485,2,False,Unnamed: 6,Mest
285,90,415,3,False,Unnamed: 7,Left Setter
286,90,474,4,False,Unnamed: 8,Mary Tyler Morphine
287,91,174,1,True,Show,Counting Crows
288,91,177,2,False,Unnamed: 6,Cracker
289,92,452,1,True,Show,Lucky Boy's Confusion
290,92,600,2,False,Unnamed: 6,Plain White T's
291,92,752,3,False,Unnamed: 7,Swizzletree
292,92,583,4,False,Unnamed: 8,Penny and the Loafers
293,93,699,1,True,Show,Sister Hazel
294,93,743,2,False,Unnamed: 6,Stroke 9
295,93,839,3,False,Unnamed: 7,The Nixons
296,93,867,4,False,Unnamed: 8,Then Again...
297,93,328,5,False,Unnamed: 9,Heaven
298,93,330,6,False,Unnamed: 10,Hello Dave
299,93,148,7,False,Unnamed: 11,Cathy Richardson
300,93,291,8,False,Unnamed: 12,GB Leighton
301,93,684,9,False,Unnamed: 13,Shaking Tree
302,93,97,10,False,Unnamed: 14,Big Hello
303,94,871,1,True,Show,Third Eye Blind
304,94,923,2,False,Unnamed: 6,Vertical Horizon
305,94,727,3,False,Unnamed: 7,Splender
306,94,821,4,False,Unnamed: 8,The KGB
307,95,536,1,True,Show,Neve
308,95,850,2,False,Unnamed: 6,The Slugs
309,95,212,3,False,Unnamed: 7,Dogs Undecided
310,96,629,1,True,Show,Red Hot Chili Peppers
311,96,741,2,False,Unnamed: 6,Stone Temple Pilots
312,96,263,3,False,Unnamed: 7,Fishbone
313,97,174,1,True,Show,Counting Crows
314,97,429,2,False,Unnamed: 6,Live
315,97,286,3,False,Unnamed: 7,Galactic
316,97,588,4,False,Unnamed: 8,Peter Stuart
317,98,179,1,True,Show,Creed
318,98,872,2,False,Unnamed: 6,Three Doors Down
319,98,41,3,False,Unnamed: 7,American Pearl
320,98,497,4,False,Unnamed: 8,Mile
321,98,224,5,False,Unnamed: 9,Dust for Life
322,99,35,1,True,Show,Allman Brothers Band
323,99,578,2,False,Unnamed: 6,Pat McGee Band
324,99,509,3,False,Unnamed: 7,Mother Root
325,100,249,1,True,Show,Eve 6
326,100,560,2,False,Unnamed: 6,OPM
327,100,305,3,False,Unnamed: 7,Good Charlotte
328,101,174,1,True,Show,Counting Crows
329,101,429,2,False,Unnamed: 6,Live
330,101,907,3,False,Unnamed: 7,Unified Theory
331,102,192,1,True,Show,David Gray
332,102,267,2,False,Unnamed: 6,Five For Fightning
333,103,893,1,True,Show,Travis
334,103,634,2,False,Unnamed: 6,Remy Zero
335,104,779,1,True,Show,"The Big ""O"""
336,104,249,2,False,Unnamed: 6,Eve 6
337,104,926,3,False,Unnamed: 7,Vibrolush
338,104,4,4,False,Unnamed: 8,19 Wheels
339,105,472,1,True,Show,Marvelous 3
340,105,225,2,False,Unnamed: 6,Dynamite Hack
341,105,12,3,False,Unnamed: 7,A
342,106,732,1,True,Show,SR-71
343,106,325,2,False,Unnamed: 6,Harvey Danger
344,106,940,3,False,Unnamed: 7,Wheatus
345,107,699,1,True,Show,Sister Hazel
346,107,205,2,False,Unnamed: 6,Dexter Freebish
347,108,706,1,True,Show,Smashing Pumpkins
348,109,357,1,True,Show,J Davis Trio
349,109,628,2,False,Unnamed: 6,Red Elephant
350,109,680,3,False,Unnamed: 7,Seven Day Run
351,110,600,1,True,Show,Plain White T's
352,110,583,2,False,Unnamed: 6,Penny and the Loafers
353,110,728,3,False,Unnamed: 7,Split Habit
354,110,37,4,False,Unnamed: 8,Amazing Transparent Man
355,111,312,1,True,Show,Green Day
356,111,812,2,False,Unnamed: 6,The Get Up Kids
357,112,249,1,True,Show,Eve 6
358,112,917,2,False,Unnamed: 6,Vast
359,112,39,3,False,Unnamed: 7,American H-Fi
360,113,476,1,True,Show,Matchbox Twenty
361,113,250,2,False,Unnamed: 6,Everclear
362,113,423,3,False,Unnamed: 7,Lifehouse
363,114,249,1,True,Show,Eve 6
364,114,917,2,False,Unnamed: 6,Vast
365,114,39,3,False,Unnamed: 7,American H-Fi
366,115,790,1,True,Show,The Corrs
367,115,147,2,False,Unnamed: 6,Cary Pierce
368,116,890,1,True,Show,Train
369,116,266,2,False,Unnamed: 6,Five For Fighting
370,117,171,1,True,Show,Collective Soul
371,117,259,2,False,Unnamed: 6,Fastball
372,117,751,3,False,Unnamed: 7,Swim
373,118,452,1,True,Show,Lucky Boy's Confusion
374,118,583,2,False,Unnamed: 6,Penny and the Loafers
375,118,435,3,False,Unnamed: 7,Logan's Loss
376,119,903,1,True,Show,U2
377,119,597,2,False,Unnamed: 6,PJ Harvey
378,120,600,1,True,Show,Plain White Ts
379,120,583,2,False,Unnamed: 6,Penny and the Loafers
380,120,752,3,False,Unnamed: 7,Swizzle Tree
381,120,70,4,False,Unnamed: 8,Back Drop
382,120,166,5,False,Unnamed: 9,Close Enough
383,120,637,6,False,Unnamed: 10,Retro Morning
384,120,796,7,False,Unnamed: 11,The Dog and Everything
385,121,699,1,True,Show,Sister Hazel
386,121,507,2,False,Unnamed: 6,Monte Montgomery
387,122,564,1,True,Show,Our Lady Peace
388,122,683,2,False,Unnamed: 6,Shades Apart
389,123,872,1,True,Show,Three Doors Down
390,123,423,2,False,Unnamed: 6,Lifehouse
391,123,757,3,False,Unnamed: 7,Tantric
392,124,600,1,True,Show,Plain White T's
393,124,583,2,False,Unnamed: 6,Penny and the Loafers
394,124,166,3,False,Unnamed: 7,Close Enough
395,124,691,4,False,Unnamed: 8,Short Arm Trick
396,125,476,1,True,Show,Matchbox Twenty
397,125,890,2,False,Unnamed: 6,Train
398,125,556,3,False,Unnamed: 7,Old 97s
399,125,588,4,False,Unnamed: 8,Peter Stuart
400,126,381,1,True,Show,John Mellencamp
401,126,861,2,False,Unnamed: 6,The Wallflowers
402,126,952,3,False,Unnamed: 7,Will Hoge
403,127,652,1,True,Show,Roger Clyne & the Peacemakers
404,127,736,2,False,Unnamed: 6,Stephen Ashbrook
405,128,22,1,True,Show,After Five Live
406,128,859,2,False,Unnamed: 6,The Verve Pipe
407,129,893,1,True,Show,Travis
408,129,634,2,False,Unnamed: 6,Remy Zero
409,130,429,1,True,Show,Live
410,130,163,2,False,Unnamed: 6,Citizen Cope
411,131,452,1,True,Show,Lucky Boy's Confusion
412,131,72,2,False,Unnamed: 6,Bad Ronald
413,131,646,3,False,Unnamed: 7,River City High
414,131,640,4,False,Unnamed: 8,Riddlin' Kids
415,132,785,1,True,Show,The Calling
416,132,295,2,False,Unnamed: 6,Giant Step
417,132,892,3,False,Unnamed: 7,Transmatic
418,133,634,1,True,Show,Remy Zero
419,134,423,1,True,Show,Lifehouse
420,134,216,2,False,Unnamed: 6,Dovetail Joint
421,135,583,1,True,Show,Penny and the Loafers
422,135,796,2,False,Unnamed: 6,The Dog and Everything
423,135,407,3,False,Unnamed: 7,Knockout
424,135,735,4,False,Unnamed: 8,Starstruck
425,136,796,1,True,Show,The Dog and Everything
426,136,583,2,False,Unnamed: 6,Penny and the Loafers
427,136,559,3,False,Unnamed: 7,Ophur
428,136,408,4,False,Unnamed: 8,Knuckleduster
429,137,586,1,True,Show,Pete Yorn
430,137,235,2,False,Unnamed: 6,Elbow
431,138,583,1,True,Show,Penny and the Loafers
432,138,728,2,False,Unnamed: 6,Split Habit
433,138,66,3,False,Unnamed: 7,August Premiere
434,138,551,4,False,Unnamed: 8,Off Balance
435,139,652,1,True,Show,Roger Clyne & the Peacemakers
436,139,853,2,False,Unnamed: 6,The Steepwater Band
437,140,304,1,True,Show,Goo Goo Dolls
438,140,678,2,False,Unnamed: 6,Sense Field
439,141,634,1,True,Show,Remy Zero
440,141,920,2,False,Unnamed: 6,Verbow
441,142,380,1,True,Show,John Mayer
442,142,321,2,False,Unnamed: 6,Guster
443,142,470,3,False,Unnamed: 7,Martin Sexton
444,143,377,1,True,Show,Jimmy Eat World
445,143,610,2,False,Unnamed: 6,Promise Ring
446,143,627,3,False,Unnamed: 7,Recover
447,144,179,1,True,Show,Creed
448,144,372,2,False,Unnamed: 6,Jerry Cantrell
449,144,2,3,False,Unnamed: 7,12 Stones
450,145,564,1,True,Show,Our Lady Peace
451,145,65,2,False,Unnamed: 6,Audiovent
452,145,315,3,False,Unnamed: 7,Greenwheel
453,146,368,1,True,Show,Jeep World Outdoor Festival
454,146,689,2,False,Unnamed: 6,Sheryl Crow
455,146,890,3,False,Unnamed: 7,Train
456,146,547,4,False,Unnamed: 8,o.a.r.
457,146,633,5,False,Unnamed: 9,Remy Shand
458,146,695,6,False,Unnamed: 10,Silvercrush
459,146,266,7,False,Unnamed: 11,Five for Fighting
460,146,469,8,False,Unnamed: 12,Maroon 5
461,146,657,9,False,Unnamed: 13,Rubyhorse
462,146,809,10,False,Unnamed: 14,The Gabe Dixon Band
463,146,373,11,False,Unnamed: 15,Jes Hudack
464,147,125,1,True,Show,Brian Vander Ark
465,147,161,2,False,Unnamed: 6,Chris Gilmartin
466,148,640,1,True,Show,Riddlin' Kids
467,148,811,2,False,Unnamed: 6,The Gelheads
468,148,787,3,False,Unnamed: 7,The Cells
469,149,304,1,True,Show,Goo Goo Dolls
470,149,871,2,False,Unnamed: 6,Third Eye Blind
471,149,916,3,False,Unnamed: 7,Vanessa Carlton
472,149,275,4,False,Unnamed: 8,Fono
473,149,636,5,False,Unnamed: 9,Ress
474,150,652,1,True,Show,Roger Clyne & the Peacemakers
475,150,324,2,False,Unnamed: 6,Harmony Riley
476,150,150,3,False,Unnamed: 7,Cedarcase
477,150,693,4,False,Unnamed: 8,Shurman
478,151,174,1,True,Show,Counting Crows
479,151,208,2,False,Unnamed: 6,Dishwalla
480,152,652,1,True,Show,Roger Clyne & the Peacemakers
481,152,448,2,False,Unnamed: 6,Los Proberos
482,153,174,1,True,Show,Counting Crows
483,153,310,2,False,Unnamed: 6,Graham Colton
484,154,508,1,True,Show,Morris Minors
485,154,461,2,False,Unnamed: 6,Magnus
486,154,851,3,False,Unnamed: 7,The Snails
487,155,174,1,True,Show,Counting Crows
488,155,547,2,False,Unnamed: 6,o.a.r.
489,155,310,3,False,Unnamed: 7,Graham Colton
490,156,916,1,True,Show,Vanessa Carlton
491,156,88,2,False,Unnamed: 6,Ben Lee
492,157,939,1,True,Show,Wheat
493,157,920,2,False,Unnamed: 6,Verbow
494,157,888,3,False,Unnamed: 7,Tracer
495,157,293,4,False,Unnamed: 8,Geoff Sabin
496,158,861,1,True,Show,The Wallflowers
497,158,565,2,False,Unnamed: 6,Ours
498,159,174,1,True,Show,Counting Crows
499,159,906,2,False,Unnamed: 6,Uncle Kracker
500,160,878,1,True,Show,Toad the Wet Sprockett
501,160,939,2,False,Unnamed: 6,Wheat
502,160,105,3,False,Unnamed: 7,Bleu
503,161,259,1,True,Show,Fastball
504,161,139,2,False,Unnamed: 6,Butch Walker
505,162,651,1,True,Show,Roger Clyne
506,162,124,2,False,Unnamed: 6,Bree Sharp
507,163,250,1,True,Show,Everclear
508,163,253,2,False,Unnamed: 6,Exies
509,163,443,3,False,Unnamed: 7,Longshot
510,164,611,1,True,Show,PXL
511,164,752,2,False,Unnamed: 6,Swizzle Tree
512,164,283,3,False,Unnamed: 7,Full Range
513,164,42,4,False,Unnamed: 8,AMICI
514,165,139,1,True,Show,Butch Walker
515,165,125,2,False,Unnamed: 6,Brian Vander Ark
516,165,243,3,False,Unnamed: 7,Empreyaen
517,166,587,1,True,Show,Peter Gabriel
518,166,682,2,False,Unnamed: 6,Severa Nazarkhan
519,167,249,1,True,Show,Eve 6
520,168,652,1,True,Show,Roger Clyne & the Peacemakers
521,168,672,2,False,Unnamed: 6,Scott Laurent
522,169,758,1,True,Show,Taste of Chicago
523,169,174,2,False,Unnamed: 6,Counting Crows
524,170,174,1,True,Show,Counting Crows
525,170,311,2,False,Unnamed: 6,Graham Colton Band
526,170,370,3,False,Unnamed: 7,Jem
527,171,739,1,True,Show,Sting
528,171,50,2,False,Unnamed: 6,Annie Lennox
529,171,214,3,False,Unnamed: 7,Dominick Miller
530,172,139,1,True,Show,Butch Walker
531,172,40,2,False,Unnamed: 6,American Hi-Fi
532,172,911,3,False,Unnamed: 7,Val Emmich
533,173,312,1,True,Show,Green Day
534,173,538,2,False,Unnamed: 6,New Found Glory
535,173,746,3,False,Unnamed: 7,Sugarcult
536,174,250,1,True,Show,Everclear
537,175,722,1,True,Show,Soundstage
538,175,861,2,False,Unnamed: 6,The Wallflowers
539,176,564,1,True,Show,Our Lady Peace
540,177,139,1,True,Show,Butch Walker
541,178,510,1,True,Show,Motion City Soundtrack
542,178,554,2,False,Unnamed: 6,OK Go
543,178,852,3,False,Unnamed: 7,The Spill Canvas
544,178,600,4,False,Unnamed: 8,Plain White T's
545,179,768,1,True,Show,The Academy is…
546,179,576,2,False,Unnamed: 6,Panic! at the Disco
547,179,17,3,False,Unnamed: 7,Acceptance
548,179,331,4,False,Unnamed: 8,hellogoodbye
549,180,510,1,True,Show,Motion City Soundtrack
550,180,806,2,False,Unnamed: 6,The Format
551,180,831,3,False,Unnamed: 7,The Matches
552,180,484,4,False,Unnamed: 8,"Men, Women & Children"
553,181,429,1,True,Show,Live
554,182,297,1,True,Show,Gin Blossoms
555,182,409,2,False,Unnamed: 6,Kyle Ortt
556,183,171,1,True,Show,Collective Soul
557,183,894,2,False,Unnamed: 6,Treaty of Paris
558,184,934,1,True,Show,Warped Tour '06
559,184,543,2,False,Unnamed: 6,NOFX
560,184,23,3,False,Unnamed: 7,Against Me
561,184,391,4,False,Unnamed: 8,Junior Varsity
562,184,799,5,False,Unnamed: 9,The Early November
563,184,972,6,False,Unnamed: 10,Zebrahead
564,184,18,7,False,Unnamed: 11,Adair
565,184,768,8,False,Unnamed: 12,The Academy is…
566,184,417,9,False,Unnamed: 13,Less Than Jake
567,184,510,10,False,Unnamed: 14,Motion City Soundtrack
568,184,827,11,False,Unnamed: 15,The Living End
569,184,679,12,False,Unnamed: 16,Senses Fail
570,184,331,13,False,Unnamed: 17,hellogoodbye
571,184,669,14,False,Unnamed: 18,Saves the Day
572,184,323,15,False,Unnamed: 19,Gym Class Heroes
573,185,141,1,True,Show,Butch Walker & the Lets Go Out Tonites
574,186,174,1,True,Show,Counting Crows
575,186,304,2,False,Unnamed: 6,Goo Goo Dolls
576,186,237,3,False,Unnamed: 7,Eliot Morris
577,186,411,4,False,Unnamed: 8,Last Conservative
578,187,871,1,True,Show,Third Eye Blind
579,187,76,2,False,Unnamed: 6,Bandcamp
580,188,174,1,True,Show,Counting Crows
581,188,304,2,False,Unnamed: 6,Goo Goo Dolls
582,189,174,1,True,Show,Counting Crows
583,189,304,2,False,Unnamed: 6,Goo Goo Dolls
584,190,871,1,True,Show,Third Eye Blind
585,190,76,2,False,Unnamed: 6,Bandcamp
586,191,171,1,True,Show,Collective Soul
587,191,386,2,False,Unnamed: 6,Josh Kelley
588,192,881,1,True,Show,Tom Petty
589,192,856,2,False,Unnamed: 6,The Strokes
590,193,653,1,True,Show,Roger Waters
591,194,92,1,True,Show,Better Than Ezra
592,194,310,2,False,Unnamed: 6,Graham Colton
593,195,67,1,True,Show,Augustana
594,195,919,2,False,Unnamed: 6,Vega 4
595,196,358,1,True,Show,Jack's Mannequin
596,196,778,2,False,Unnamed: 6,The Audition
597,197,710,1,True,Show,Snow Patrol
598,197,554,2,False,Unnamed: 6,OK Go
599,198,710,1,True,Show,Snow Patrol
600,198,554,2,False,Unnamed: 6,OK Go
601,199,139,1,True,Show,Butch Walker
602,200,510,1,True,Show,Motion City Soundtrack
603,200,894,2,False,Unnamed: 6,Treaty of Paris
604,201,510,1,True,Show,Motion City Soundtrack
605,202,652,1,True,Show,Roger Clyne & the Peacemakers
606,203,807,1,True,Show,The Fray
607,203,554,2,False,Unnamed: 6,OK Go
608,204,842,1,True,Show,The Police
609,204,261,2,False,Unnamed: 6,Fiction Plane
610,205,174,1,True,Show,Counting Crows
611,205,429,2,False,Unnamed: 6,Live
612,206,180,1,True,Show,Crossroads Guitar Festival
613,206,133,2,False,Unnamed: 6,Buddy Guy
614,206,246,3,False,Unnamed: 7,Eric Clapton
615,206,737,4,False,Unnamed: 8,Steve Winwood
616,206,134,5,False,Unnamed: 9,Buddy Robinson
617,206,369,6,False,Unnamed: 10,Jeff Beck
618,206,447,7,False,Unnamed: 11,Los Lobos
619,206,927,8,False,Unnamed: 12,Vince Gill
620,206,689,9,False,Unnamed: 13,Sheryl Crow
621,206,953,10,False,Unnamed: 14,Willie Nelson
622,206,380,11,False,Unnamed: 15,John Mayer
623,206,648,12,False,Unnamed: 16,Robert Cray
624,206,345,13,False,Unnamed: 17,Hubert Someone
625,206,78,14,False,Unnamed: 18,BB King
626,206,650,15,False,Unnamed: 19,Robert Randolph & the Family Band
627,206,203,16,False,Unnamed: 20,Derek Trucks Band
628,206,382,17,False,Unnamed: 21,Johnnie Winter
629,206,217,18,False,Unnamed: 22,Doyle Bramhall II
630,206,32,19,False,Unnamed: 23,Alison Krausse & Union Station
631,207,174,1,True,Show,Counting Crows
632,207,429,2,False,Unnamed: 6,Live
633,207,171,3,False,Unnamed: 7,Collective Soul
634,208,174,1,True,Show,Counting Crows
635,208,429,2,False,Unnamed: 6,Live
636,208,171,3,False,Unnamed: 7,Collective Soul
637,209,871,1,True,Show,Third Eye Blind
638,209,875,2,False,Unnamed: 6,Thunderkatz
639,210,174,1,True,Show,Counting Crows
640,210,871,2,False,Unnamed: 6,Third Eye Blind
641,210,171,3,False,Unnamed: 7,Collective Soul
642,211,730,1,True,Show,Spoon
643,212,670,1,True,Show,Say Anything
644,212,331,2,False,Unnamed: 6,Hellogoodbye
645,213,861,1,True,Show,The Wallflowers
646,214,377,1,True,Show,Jimmy Eat World
647,214,929,2,False,Unnamed: 6,Viva Volce
648,215,916,1,True,Show,Vanessa Carlton
649,215,310,2,False,Unnamed: 6,Graham Colton
650,216,699,1,True,Show,Sister Hazel
651,216,774,2,False,Unnamed: 6,The Alternate Routes
652,217,19,1,True,Show,Adam Duritz with Dave Gibbs
653,217,803,2,False,Unnamed: 6,The Flood
654,218,952,1,True,Show,Will Hoge
655,218,366,2,False,Unnamed: 6,Jason Isbell and the 400 Unit
656,218,715,3,False,Unnamed: 7,someone with a girl
657,219,730,1,True,Show,Spoon
658,219,860,2,False,Unnamed: 6,The Walkmen
659,219,946,3,False,Unnamed: 7,White Rabbits
660,220,913,1,True,Show,Vampire Weekend
661,220,963,2,False,Unnamed: 6,Yacht
662,221,722,1,True,Show,Soundstage
663,221,174,2,False,Unnamed: 6,Counting Crows
664,221,479,3,False,Unnamed: 7,Matt White
665,222,871,1,True,Show,Third Eye Blind
666,223,174,1,True,Show,Counting Crows
667,223,951,2,False,Unnamed: 6,Wild Sweet Orange
668,224,174,1,True,Show,Counting Crows
669,224,951,2,False,Unnamed: 6,Wild Sweet Orange
670,225,237,1,True,Show,Eliot Morris
671,226,664,1,True,Show,Santana
672,226,203,2,False,Unnamed: 6,Derek Trucks Band
673,227,57,1,True,Show,As Tall As Lions
674,227,5,2,False,Unnamed: 6,1997
675,227,242,3,False,Unnamed: 7,Empires
676,227,801,4,False,Unnamed: 8,The Felix Culpa
677,228,67,1,True,Show,Augustana
678,228,951,2,False,Unnamed: 6,Wild Sweet Orange
679,228,191,3,False,Unnamed: 7,David Ford
680,229,729,1,True,Show,Sponge
681,229,558,2,False,Unnamed: 6,One Night Love Child
682,229,761,3,False,Unnamed: 7,Team Rockit
683,229,765,4,False,Unnamed: 8,Textbook
684,230,741,1,True,Show,Stone Temple Pilots
685,230,465,2,False,Unnamed: 6,marching band
686,231,339,1,True,Show,Honda Civic Tour
687,231,576,2,False,Unnamed: 6,Panic at the Disco
688,231,510,3,False,Unnamed: 7,Motion City Soundtrack
689,231,819,4,False,Unnamed: 8,The Hush Sound
690,231,590,5,False,Unnamed: 9,Phantom Planet
691,232,198,1,True,Show,Death Cab for Cutie
692,232,654,2,False,Unnamed: 6,Rogue Wave
693,233,170,1,True,Show,Coldplay
694,233,665,2,False,Unnamed: 6,Santigold
695,234,537,1,True,Show,New American Music Union
696,234,847,2,False,Unnamed: 6,The Roots
697,234,781,3,False,Unnamed: 7,The Black Keys
698,234,531,4,False,Unnamed: 8,Nasa
699,234,876,5,False,Unnamed: 9,Tiny Masters of Today
700,235,537,1,True,Show,New American Music Union
701,235,113,2,False,Unnamed: 6,Bob Dylan and His Band
702,235,845,3,False,Unnamed: 7,The Raconteurs
703,235,730,4,False,Unnamed: 8,Spoon
704,235,300,5,False,Unnamed: 9,Gnarls Barkley
705,235,102,6,False,Unnamed: 10,Black Mountain
706,235,804,7,False,Unnamed: 11,The Flying Machines
707,235,854,8,False,Unnamed: 12,The Steps
708,235,798,9,False,Unnamed: 13,The Duke Spirit
709,235,524,10,False,Unnamed: 14,My Dear Disco
710,235,655,11,False,Unnamed: 15,Royal Bangs
711,235,793,12,False,Unnamed: 16,The Depreciation Guild
712,235,792,13,False,Unnamed: 17,The Delicious
713,235,460,14,False,Unnamed: 18,Magic Bullets
714,235,546,15,False,Unnamed: 19,Nothing Unexpected
715,235,780,16,False,Unnamed: 20,The Black Fortys
716,236,231,1,True,Show,Eddie Vedder
717,236,421,2,False,Unnamed: 6,Liam Finn
718,237,174,1,True,Show,Counting Crows
719,237,469,2,False,Unnamed: 6,Maroon 5
720,237,666,3,False,Unnamed: 7,Sarah Baraleis
721,238,951,1,True,Show,Wild Sweet Orange
722,239,379,1,True,Show,Joe Satriani
723,239,516,2,False,Unnamed: 6,Mountain
724,240,198,1,True,Show,Death Cab for Cutie
725,240,711,2,False,Unnamed: 6,So Many Dynamos
726,241,555,1,True,Show,OKOBOS Music Festival
727,241,198,2,False,Unnamed: 6,Death Cab for Cutie
728,241,457,3,False,Unnamed: 7,M Ward
729,241,352,4,False,Unnamed: 8,Ingrid Michaelson
730,241,84,5,False,Unnamed: 9,Ben Folds
731,241,374,6,False,Unnamed: 10,Jewel
732,241,782,7,False,Unnamed: 11,The Boys Choir of Kenya
733,242,149,1,True,Show,Cavashawn
734,242,820,2,False,Unnamed: 6,The Insecurities
735,243,548,1,True,Show,Oasis
736,243,661,2,False,Unnamed: 6,Ryan Adams and the Cardinals
737,244,818,1,True,Show,The Hold Steady
738,244,880,2,False,Unnamed: 6,Tom Morrello
739,245,377,1,True,Show,Jimmy Eat World
740,245,638,2,False,Unnamed: 6,Reuben's Accomplice
741,246,139,1,True,Show,Butch Walker
742,246,802,2,False,Unnamed: 6,The Films
743,247,198,1,True,Show,Death Cab for Cutie
744,247,169,2,False,Unnamed: 6,Cold War Kids
745,248,33,1,True,Show,Alkaline Trio
746,248,669,2,False,Unnamed: 6,Saves the Day
747,249,871,1,True,Show,Third Eye Blind
748,249,449,2,False,Unnamed: 6,Low vs Diamond
749,250,231,1,True,Show,Eddie Vedder
750,250,421,2,False,Unnamed: 6,Liam Finn
751,251,230,1,True,Show,Eddie Koalyczyk
752,252,807,1,True,Show,The Fray
753,252,358,2,False,Unnamed: 6,Jack's Mannequin
754,252,639,3,False,Unnamed: 7,Richard Swift
755,253,67,1,True,Show,Augustana
756,254,175,1,True,Show,Counting Crows with Augustana
757,254,67,2,False,Unnamed: 6,Augustana
758,255,958,1,True,Show,World's Biggest Block Party
759,255,290,2,False,Unnamed: 6,Gavin Degraw
760,255,171,3,False,Unnamed: 7,Collective Soul
761,256,282,1,True,Show,Frightened Rabbit
762,256,327,2,False,Unnamed: 6,Headlights
763,257,858,1,True,Show,The Traveling Circus & Medicine Show
764,257,175,2,False,Unnamed: 6,Counting Crows with Augustana
765,258,164,1,True,Show,City Riots
766,258,456,2,False,Unnamed: 6,Luster
767,259,438,1,True,Show,Lollapalooza '09
768,259,405,2,False,Unnamed: 6,Kings of Leon
769,259,550,3,False,Unnamed: 7,of Montreal
770,259,870,4,False,Unnamed: 8,Thievery Corporation
771,259,58,5,False,Unnamed: 9,Asher Roth
772,259,270,6,False,Unnamed: 10,Fleet Foxes
773,259,84,7,False,Unnamed: 11,Ben Folds
774,259,116,8,False,Unnamed: 12,Bon Iver
775,259,810,9,False,Unnamed: 13,The Gaslight Anthem
776,259,462,10,False,Unnamed: 14,Manchester Orchestra
777,259,335,11,False,Unnamed: 15,Hockey
778,260,438,1,True,Show,Lollapalooza '09
779,260,965,2,False,Unnamed: 6,Yeah Yeah Yeahs
780,260,87,3,False,Unnamed: 7,Ben Harper and the Relentless7
781,260,897,4,False,Unnamed: 8,TV on the Radio
782,260,665,5,False,Unnamed: 9,Santigold
783,260,107,6,False,Unnamed: 10,Blind Pilot
784,260,303,7,False,Unnamed: 11,Gomez
785,260,62,8,False,Unnamed: 12,Atmosphere
786,260,619,9,False,Unnamed: 13,Quinn Sullivan
787,260,202,10,False,Unnamed: 14,Delta Spirit
788,260,255,11,False,Unnamed: 15,Ezra Furman and the Harpoons
789,261,438,1,True,Show,Lollapalooza '09
790,261,822,2,False,Unnamed: 6,The Killers
791,261,696,3,False,Unnamed: 7,Silversun Pickups
792,261,709,4,False,Unnamed: 8,Snoop Dogg
793,261,169,5,False,Unnamed: 9,Cold War Kids
794,261,913,6,False,Unnamed: 10,Vampire Weekend
795,261,186,7,False,Unnamed: 11,Dan Deacon
796,261,769,8,False,Unnamed: 12,The Airborne Toxic Event
797,261,142,9,False,Unnamed: 13,Cage the Elephant
798,261,620,10,False,Unnamed: 14,Ra Ra Riot
799,261,29,11,False,Unnamed: 15,Alberta Cross
800,262,858,1,True,Show,The Traveling Circus & Medicine Show
801,262,176,2,False,Unnamed: 6,Counting Crows with Augustana and Michael Franti & Spearhead
802,263,858,1,True,Show,The Traveling Circus & Medicine Show
803,263,176,2,False,Unnamed: 6,Counting Crows with Augustana and Michael Franti & Spearhead
804,264,314,1,True,Show,Green River Ordinance
805,264,820,2,False,Unnamed: 6,The Insecurities
806,265,564,1,True,Show,Our Lady Peace
807,265,481,2,False,Unnamed: 6,Meese
808,266,581,1,True,Show,Pearl Jam
809,266,71,2,False,Unnamed: 6,Bad Religion
810,267,620,1,True,Show,Ra Ra Riot
811,267,609,2,False,Unnamed: 6,Princeton
812,268,45,1,True,Show,Andrew McMahon
813,269,400,1,True,Show,Karl Rorvik and the Crafty Bastards
814,269,458,2,False,Unnamed: 6,Mad Watch
815,269,527,3,False,Unnamed: 7,Nadafinga
816,270,86,1,True,Show,Ben Gibbard & Jay Farrar
817,271,810,1,True,Show,The Gaslight Anthem
818,271,521,2,False,Unnamed: 6,Murder by Death
819,271,829,3,False,Unnamed: 7,The Loved Ones
820,272,766,1,True,Show,Thao & the Get Down Stay Down
821,272,603,2,False,Unnamed: 6,Portland Cello Project
822,272,193,3,False,Unnamed: 7,David Schultz & the Skyline
823,273,310,1,True,Show,Graham Colton
824,273,206,2,False,Unnamed: 6,Dick Prall
825,274,107,1,True,Show,Blind Pilot
826,274,412,2,False,Unnamed: 6,Laura Veirs & the Hall of Flames
827,274,500,3,False,Unnamed: 7,Mimicking Birds
828,275,938,1,True,Show,Weezer
829,275,510,2,False,Unnamed: 6,Motion City Soundtrack
830,275,358,3,False,Unnamed: 7,Jack’s Mannequin
831,276,92,1,True,Show,Better Than Ezra
832,276,918,2,False,Unnamed: 6,Vedera
833,277,564,1,True,Show,Our Lady Peace
834,277,503,2,False,Unnamed: 6,Model Stranger
835,278,513,1,True,Show,Motion City Soundtrack - I Am the Movie
836,278,904,2,False,Unnamed: 6,Ultimate Fakebook
837,279,511,1,True,Show,Motion City Soundtrack - Commit This to Memory
838,279,904,2,False,Unnamed: 6,Ultimate Fakebook
839,280,512,1,True,Show,Motion City Soundtrack - Even If It Kills Me
840,280,904,2,False,Unnamed: 6,Ultimate Fakebook
841,281,169,1,True,Show,Cold War Kids
842,281,269,2,False,Unnamed: 6,Flashy Python
843,282,358,1,True,Show,Jack’s Mannequin
844,282,285,2,False,Unnamed: 6,fun.
845,282,918,3,False,Unnamed: 7,Vedera
846,283,358,1,True,Show,Jack’s Mannequin
847,284,462,1,True,Show,Manchester Orchestra
848,285,730,1,True,Show,Spoon
849,285,201,2,False,Unnamed: 6,Deerhunter
850,286,510,1,True,Show,Motion City Soundtrack
851,286,285,2,False,Unnamed: 6,fun.
852,287,834,1,True,Show,The Morning Benders
853,287,501,2,False,Unnamed: 6,Miniature Tigers
854,288,218,1,True,Show,Dr Dog
855,288,674,2,False,Unnamed: 6,Sean Bones
856,289,654,1,True,Show,Rogue Wave
857,290,532,1,True,Show,Natalie Merchant
858,291,196,1,True,Show,Daytrotter Barnraiser III
859,291,202,2,False,Unnamed: 6,Delta Spirit
860,291,620,3,False,Unnamed: 7,Ra Ra Riot
861,291,280,4,False,Unnamed: 8,Free Energy
862,291,533,5,False,Unnamed: 9,Nathaniel Rateliff
863,291,582,6,False,Unnamed: 10,Pearly Gate Music
864,292,252,1,True,Show,Everybody was in the French Resistance... Now!
865,292,760,2,False,Unnamed: 6,Team Band
866,292,154,3,False,Unnamed: 7,Chaperones
867,293,282,1,True,Show,Frightened Rabbit
868,293,464,2,False,Unnamed: 6,Maps & Atlases
869,293,563,3,False,Unnamed: 7,Our Brother the Native
870,294,140,1,True,Show,Butch Walker & the Black Widows
871,295,921,1,True,Show,Verge Fest
872,295,654,2,False,Unnamed: 6,Rogue Wave
873,295,21,3,False,Unnamed: 7,AFI
874,295,360,4,False,Unnamed: 8,Jaill
875,295,169,5,False,Unnamed: 9,Cold War Kids
876,295,294,6,False,Unnamed: 10,Geri X
877,295,462,7,False,Unnamed: 11,Manchester Orchestra
878,296,689,1,True,Show,Sheryl Crow
879,296,168,2,False,Unnamed: 6,Colby Callet
880,297,202,1,True,Show,Delta Spirit
881,297,254,2,False,Unnamed: 6,Ezra Furman & the Harpoons
882,297,846,3,False,Unnamed: 7,The Romany Rye
883,298,180,1,True,Show,Crossroads Guitar Festival
884,298,78,2,False,Unnamed: 6,BB King
885,298,247,3,False,Unnamed: 7,Eric Clapton with Steve Winwood
886,298,369,4,False,Unnamed: 8,Jeff Beck
887,298,204,5,False,Unnamed: 9,Derek Trucks with Susan Tedeschi
888,299,767,1,True,Show,Thao and Mirah
889,299,868,2,False,Unnamed: 6,These United States
890,300,532,1,True,Show,Natalie Merchant
891,301,440,1,True,Show,Lollapalooza ’10
892,301,856,2,False,Unnamed: 6,The Strokes
893,301,376,3,False,Unnamed: 7,Jimmy Cliff
894,301,781,4,False,Unnamed: 8,The Black Keys
895,301,794,5,False,Unnamed: 9,The Dirty Projectors
896,301,838,6,False,Unnamed: 10,The New Pornographers
897,301,220,7,False,Unnamed: 11,Drive-By Truckers
898,301,389,8,False,Unnamed: 12,Jukebox the Ghost
899,301,860,9,False,Unnamed: 13,The Walkmen
900,301,800,10,False,Unnamed: 14,The Ettes
901,301,937,11,False,Unnamed: 15,Wavves
902,301,279,12,False,Unnamed: 16,Foxy Shazam
903,301,868,13,False,Unnamed: 17,These United States
904,302,440,1,True,Show,Lollapalooza ’10
905,302,593,2,False,Unnamed: 6,Phoenix
906,302,312,3,False,Unnamed: 7,Green Day
907,302,704,4,False,Unnamed: 8,Slightly Stoopid
908,302,730,5,False,Unnamed: 9,Spoon
909,302,488,6,False,Unnamed: 10,Metric
910,302,200,7,False,Unnamed: 11,Deer Tick
911,302,655,8,False,Unnamed: 12,Royal Bangs
912,302,194,9,False,Unnamed: 13,Dawes
913,302,866,10,False,Unnamed: 14,The XX
914,302,23,11,False,Unnamed: 15,Against Me!
915,302,112,12,False,Unnamed: 16,Blues Traveler
916,302,654,13,False,Unnamed: 17,Rogue Wave
917,302,626,14,False,Unnamed: 18,Rebelution
918,302,834,15,False,Unnamed: 19,The Morning Benders
919,302,500,16,False,Unnamed: 20,Mimicking Birds
920,303,440,1,True,Show,Lollapalooza ’10
921,303,53,2,False,Unnamed: 6,Arcade Fire
922,303,721,3,False,Unnamed: 7,Soundgarden
923,303,182,4,False,Unnamed: 8,Cypress Hill
924,303,857,5,False,Unnamed: 9,The Temper Trap
925,303,489,6,False,Unnamed: 10,MGMT
926,303,282,7,False,Unnamed: 11,Frightened Rabbit
927,303,584,8,False,Unnamed: 12,Perry Farrell
928,303,335,9,False,Unnamed: 13,Hockey
929,303,520,10,False,Unnamed: 14,Mumford & Sons
930,303,110,11,False,Unnamed: 15,Blitzen Trapper
931,303,795,12,False,Unnamed: 16,The Dodos
932,303,775,13,False,Unnamed: 17,The Antlers
933,304,741,1,True,Show,Stone Temple Pilots
934,304,142,2,False,Unnamed: 6,Cage the Elephant
935,304,257,3,False,Unnamed: 7,Fang Island
936,305,544,1,True,Show,North Coast Music Festival ’10
937,305,905,2,False,Unnamed: 6,Umphree’s McGee
938,305,502,3,False,Unnamed: 7,Moby
939,305,197,4,False,Unnamed: 8,De La Soul
940,305,367,5,False,Unnamed: 9,Jay Electronica
941,305,837,6,False,Unnamed: 10,The New Deal
942,305,309,7,False,Unnamed: 11,Grace Potter & the Nocturnals
943,305,742,8,False,Unnamed: 12,Strange Arrangement
944,305,914,9,False,Unnamed: 13,Van Ghost
945,305,539,10,False,Unnamed: 14,New Mastersounds
946,306,541,1,True,Show,Nick Coury
947,306,444,2,False,Unnamed: 6,Looking Daggers
948,307,868,1,True,Show,These United States
949,307,392,2,False,Unnamed: 6,Juniper Tar
950,308,723,1,True,Show,Spacehog
951,308,336,2,False,Unnamed: 6,Holding Mercury
952,308,832,3,False,Unnamed: 7,The Maybenauts
953,308,454,4,False,Unnamed: 8,Luke Rathborne
954,309,655,1,True,Show,Royal Bangs
955,310,377,1,True,Show,Jimmy Eat World
956,311,510,1,True,Show,Motion City Soundtrack
957,311,669,2,False,Unnamed: 6,Saves the Day
958,311,912,3,False,Unnamed: 7,Valencia
959,312,834,1,True,Show,The Morning Benders
960,313,477,1,True,Show,Matt Skiba
961,314,202,1,True,Show,Delta Spirit
962,315,718,1,True,Show,Songs from a Scene 10th Anniversary
963,315,452,2,False,Unnamed: 6,Lucky Boy's Confusion
964,315,583,3,False,Unnamed: 7,Penny and the Loafers
965,316,169,1,True,Show,Cold War Kids
966,317,655,1,True,Show,Royal Bangs
967,317,51,2,False,Unnamed: 6,ANR
968,318,174,1,True,Show,Counting Crows
969,319,53,1,True,Show,Arcade Fire
970,319,835,2,False,Unnamed: 6,The National
971,320,580,1,True,Show,Paul Simon
972,321,580,1,True,Show,Paul Simon
973,322,786,1,True,Show,The Cars
974,323,198,1,True,Show,Death Cab for Cutie
975,323,828,2,False,Unnamed: 6,The Lonely Forest
976,324,767,1,True,Show,Thao and Mirah
977,325,211,1,True,Show,Do Division Street Festival
978,325,655,2,False,Unnamed: 6,Royal Bangs
979,326,258,1,True,Show,Farewell Continental
980,326,954,2,False,Unnamed: 6,Wilson
981,327,231,1,True,Show,Eddie Vedder
982,327,299,2,False,Unnamed: 6,Glen Hansard
983,328,903,1,True,Show,U2
984,328,354,2,False,Unnamed: 6,Interpol
985,329,579,1,True,Show,Paul McCartney
986,330,202,1,True,Show,Delta Spirit
987,331,441,1,True,Show,Lollapalooza ’11
988,331,522,2,False,Unnamed: 6,Muse
989,331,170,3,False,Unnamed: 7,Coldplay
990,331,554,4,False,Unnamed: 8,OK Go
991,331,127,5,False,Unnamed: 9,Bright Eyes
992,331,701,6,False,Unnamed: 10,Skillrex
993,331,900,7,False,Unnamed: 11,Two Door Cinema Club
994,331,945,8,False,Unnamed: 12,White Lies
995,331,277,9,False,Unnamed: 13,Foster the People
996,331,202,10,False,Unnamed: 14,Delta Spirit
997,331,969,11,False,Unnamed: 15,Young the Giant
998,332,433,1,True,Show,Local Natives
999,332,931,2,False,Unnamed: 6,Walk the Moon
1000,333,441,1,True,Show,Lollapalooza ’11
1001,333,240,2,False,Unnamed: 6,Eminem
1002,333,525,3,False,Unnamed: 7,My Morning Jacket
1003,333,62,4,False,Unnamed: 8,Atmosphere
1004,333,151,5,False,Unnamed: 9,Cee Lo Green
1005,333,433,6,False,Unnamed: 10,Local Natives
1006,333,797,7,False,Unnamed: 11,The Drums
1007,333,94,8,False,Unnamed: 12,Big Audio Dynamite
1008,333,480,9,False,Unnamed: 13,Mayer Hawthorne & The County
1009,333,213,10,False,Unnamed: 14,Dom
1010,333,788,11,False,Unnamed: 15,The Chain Gang of 1974
1011,333,264,12,False,Unnamed: 16,Fitz & the Tantrums
1012,333,464,13,False,Unnamed: 17,Maps & Atlases
1013,334,441,1,True,Show,Lollapalooza ’11
1014,334,276,2,False,Unnamed: 6,Foo Fighters
1015,334,403,3,False,Unnamed: 7,Kid Cudi
1016,334,462,4,False,Unnamed: 8,Manchester Orchestra
1017,334,185,5,False,Unnamed: 9,Damian ‘Jr Gong’ Marley & Nas
1018,334,142,6,False,Unnamed: 10,Cage the Elephant
1019,334,272,7,False,Unnamed: 11,Flogging Molly
1020,334,786,8,False,Unnamed: 12,The Cars
1021,334,184,9,False,Unnamed: 13,Dale Earnhardt Jr Jr
1022,335,339,1,True,Show,Honda Civic Tour
1023,335,109,2,False,Unnamed: 6,Blink 182
1024,335,523,3,False,Unnamed: 7,My Chemical Romance
1025,336,198,1,True,Show,Death Cab for Cutie
1026,336,282,2,False,Unnamed: 6,Frightened Rabbit
1027,337,581,1,True,Show,Pearl Jam
1028,337,856,2,False,Unnamed: 6,The Strokes
1029,337,617,3,False,Unnamed: 7,Queens of the Stone Age
1030,337,519,4,False,Unnamed: 8,Mudhoney
1031,338,8,1,True,Show,4 Albums/2 Nites: Motion City Soundtrack
1032,339,8,1,True,Show,4 Albums/2 Nites: Motion City Soundtrack
1033,340,277,1,True,Show,Foster the People
1034,341,948,1,True,Show,Widespread Panic
1035,342,868,1,True,Show,These United States
1036,343,107,1,True,Show,Blind Pilot
1037,344,826,1,True,Show,The Lifeline
1038,344,714,2,False,Unnamed: 6,someone crappy
1039,344,427,3,False,Unnamed: 7,Liquid Hot Magma
1040,345,358,1,True,Show,Jack’s Mannequin
1041,346,67,1,True,Show,Augustana
1042,347,505,1,True,Show,moe.
1043,348,107,1,True,Show,Blind Pilot
1044,349,651,1,True,Show,Roger Clyne
1045,350,202,1,True,Show,Delta Spirit
1046,351,857,1,True,Show,The Temper Trap
1047,352,249,1,True,Show,Eve 6
1048,353,564,1,True,Show,Our Lady Peace
1049,354,946,1,True,Show,White Rabbits
1050,355,891,1,True,Show,Trampled by Turtles
1051,355,868,2,False,Unnamed: 6,These United States
1052,356,285,1,True,Show,Fun.
1053,357,174,1,True,Show,Counting Crows
1054,358,655,1,True,Show,Royal Bangs
1055,358,329,2,False,Unnamed: 6,Heavy Times
1056,359,667,1,True,Show,Sausage Fest ’12
1057,359,843,2,False,Unnamed: 6,The Polka Dots
1058,359,894,3,False,Unnamed: 7,Treaty of Paris
1059,359,427,4,False,Unnamed: 8,Liquid Hot Magma
1060,360,468,1,True,Show,Margot & the Nuclear So and So's
1061,361,478,1,True,Show,Matt Skiba & the Sekrets
1062,361,708,2,False,Unnamed: 6,Smoking Popes
1063,362,841,1,True,Show,The Outlaw Rodeo Show
1064,362,174,2,False,Unnamed: 6,Counting Crows
1065,363,510,1,True,Show,Motion City Soundtrack
1066,363,817,2,False,Unnamed: 6,The Henry Clay People
1067,364,174,1,True,Show,Counting Crows
1068,364,309,2,False,Unnamed: 6,Grace Potter & the Nocturnals
1069,365,137,1,True,Show,Bunbury Music Festival ’12
1070,365,364,2,False,Unnamed: 6,Jane’s Addiction
1071,365,26,3,False,Unnamed: 7,Airborne Toxic Event
1072,365,620,4,False,Unnamed: 8,Ra Ra Riot
1073,365,618,5,False,Unnamed: 9,Quiet Corral
1074,365,459,6,False,Unnamed: 10,Madi Diaz
1075,365,833,7,False,Unnamed: 11,The Minor Leagues
1076,365,178,8,False,Unnamed: 12,Crash Kings
1077,366,137,1,True,Show,Bunbury Music Festival ’12
1078,366,938,2,False,Unnamed: 6,Weezer
1079,366,319,3,False,Unnamed: 7,Grouplove
1080,366,810,4,False,Unnamed: 8,The Gaslight Anthem
1081,366,784,5,False,Unnamed: 9,The Bright Light Social Hour
1082,366,462,6,False,Unnamed: 10,Manchester Orchestra
1083,367,137,1,True,Show,Bunbury Music Festival ’12
1084,367,198,2,False,Unnamed: 6,Death Cab for Cutie
1085,367,320,3,False,Unnamed: 7,Guided by Voices
1086,367,952,4,False,Unnamed: 8,Will Hoge
1087,367,467,5,False,Unnamed: 9,Margot & the Nuclear So & So’s
1088,368,861,1,True,Show,The Wallflowers
1089,369,38,1,True,Show,American English
1090,370,202,1,True,Show,Delta Spirit
1091,371,107,1,True,Show,Blind Pilot
1092,372,332,1,True,Show,Hey Rosetta!
1093,373,287,1,True,Show,Garbage
1094,374,131,1,True,Show,Bruce Springsteen & the E Street Band
1095,375,643,1,True,Show,Riot Fest ’12
1096,375,810,2,False,Unnamed: 6,The Gaslight Anthem
1097,376,643,1,True,Show,Riot Fest ’12
1098,376,33,2,False,Unnamed: 6,Alkaline Trio
1099,376,238,3,False,Unnamed: 7,Elvis Costello & the Imposters
1100,377,510,1,True,Show,Motion City Soundtrack
1101,377,389,2,False,Unnamed: 6,Jukebox the Ghost
1102,378,332,1,True,Show,Hey Rosetta!
1103,379,139,1,True,Show,Butch Walker
1104,380,139,1,True,Show,Butch Walker
1105,381,433,1,True,Show,Local Natives
1106,382,107,1,True,Show,Blind Pilot
1107,382,604,2,False,Unnamed: 6,Portland Symphony Orchestra
1108,383,82,1,True,Show,Beck
1109,384,884,1,True,Show,Tom Petty and the Heartbreakers
1110,385,884,1,True,Show,Tom Petty and the Heartbreakers
1111,386,313,1,True,Show,Green Music Fest ’13
1112,386,462,2,False,Unnamed: 6,Manchester Orchestra
1113,387,174,1,True,Show,Counting Crows
1114,387,861,2,False,Unnamed: 6,The Wallflowers
1115,388,83,1,True,Show,Beer Bash
1116,388,592,2,False,Unnamed: 6,Phillip Phillips
1117,389,772,1,True,Show,The Airborne Toxic Event with the Pacific Symphony
1118,389,202,2,False,Unnamed: 6,Delta Spirit
1119,390,319,1,True,Show,Grouplove
1120,391,377,1,True,Show,Jimmy Eat World
1121,392,766,1,True,Show,Thao & the Get Down Stay Down
1122,393,581,1,True,Show,Pearl Jam
1123,394,545,1,True,Show,Not So Silent Night 2013
1124,394,53,2,False,Unnamed: 6,Arcade Fire
1125,394,593,3,False,Unnamed: 7,Phoenix
1126,394,36,4,False,Unnamed: 8,Alt J
1127,394,446,5,False,Unnamed: 9,Lorde
1128,395,83,1,True,Show,Beer Bash
1129,395,473,2,False,Unnamed: 6,Mary J Blige
1130,396,419,1,True,Show,Lettuce
1131,397,624,1,True,Show,Railroad Earth
1132,397,103,2,False,Unnamed: 6,blah
1133,398,405,1,True,Show,Kings of Leon
1134,398,433,2,False,Unnamed: 6,Local Natives
1135,399,948,1,True,Show,Widespread Panic
1136,400,685,1,True,Show,Shaky Knees 2014
1137,400,835,2,False,Unnamed: 6,The National
1138,400,810,3,False,Unnamed: 7,The Gaslight Anthem
1139,400,730,4,False,Unnamed: 8,Spoon
1140,400,142,5,False,Unnamed: 9,Cage the Elephant
1141,400,769,6,False,Unnamed: 10,The Airborne Toxic Event
1142,400,221,7,False,Unnamed: 11,Dropkick Murphys
1143,400,75,8,False,Unnamed: 12,Band of Skulls
1144,400,155,9,False,Unnamed: 13,Charles Bradley & his Extraordinaires
1145,400,128,10,False,Unnamed: 14,Bright Light Social Hour
1146,400,944,11,False,Unnamed: 15,White Denim
1147,400,950,12,False,Unnamed: 16,Wild Belle
1148,400,864,13,False,Unnamed: 17,The Whigs
1149,401,685,1,True,Show,Shaky Knees 2014
1150,401,504,2,False,Unnamed: 6,Modest Mouse
1151,401,172,3,False,Unnamed: 7,Conor Oberst
1152,401,342,4,False,Unnamed: 8,Houndmouth
1153,401,169,5,False,Unnamed: 9,Cold War Kids
1154,401,194,6,False,Unnamed: 10,Dawes
1155,401,445,7,False,Unnamed: 11,Lord Huron
1156,401,879,8,False,Unnamed: 12,Tokyo Police Club
1157,401,326,9,False,Unnamed: 13,Hayes Carll
1158,401,316,10,False,Unnamed: 14,Gregory Alan Isakov
1159,401,574,11,False,Unnamed: 15,Packway Handle Band
1160,401,776,12,False,Unnamed: 16,The Apache Relay
1161,401,930,13,False,Unnamed: 17,Wake Owl
1162,401,274,14,False,Unnamed: 18,Fly Golden Eagle
1163,402,686,1,True,Show,Shaky Knees After Show
1164,402,730,2,False,Unnamed: 6,Spoon
1165,402,930,3,False,Unnamed: 7,Wake Owl
1166,403,685,1,True,Show,Shaky Knees 2014
1167,403,27,2,False,Unnamed: 6,Alabama Shakes
1168,403,233,3,False,Unnamed: 7,Edward Sharpe & the Magnetic Zeros
1169,403,928,4,False,Unnamed: 8,Violent Femmes
1170,403,433,5,False,Unnamed: 9,Local Natives
1171,403,891,6,False,Unnamed: 10,Trampled by Turtles
1172,403,818,7,False,Unnamed: 11,The Hold Steady
1173,403,355,8,False,Unnamed: 12,Iron & Wine
1174,403,365,9,False,Unnamed: 13,Jason Isbell
1175,403,110,10,False,Unnamed: 14,Blitzen Trapper
1176,403,200,11,False,Unnamed: 15,Deer Tick
1177,403,863,12,False,Unnamed: 16,The Weeks
1178,404,160,1,True,Show,Chipotle Cultivate Festival ‘14
1179,404,45,2,False,Unnamed: 6,Andrew McMahon
1180,405,452,1,True,Show,Lucky Boy's Confusion
1181,405,583,2,False,Unnamed: 6,Penny and the Loafers
1182,406,777,1,True,Show,The Arcade Fire
1183,407,902,1,True,Show,Typhoon
1184,408,566,1,True,Show,Outside Lands 2014
1185,408,399,2,False,Unnamed: 6,Kanye West
1186,408,54,3,False,Unnamed: 7,Arctic Monkeys
1187,408,902,4,False,Unnamed: 8,Typhoon
1188,408,763,5,False,Unnamed: 9,Tedeschi Trucks Band
1189,408,207,6,False,Unnamed: 10,Disclosure
1190,408,80,7,False,Unnamed: 11,Bear Hands
1191,408,319,8,False,Unnamed: 12,Grouplove
1192,408,495,9,False,Unnamed: 13,Mikal Cronin
1193,408,338,10,False,Unnamed: 14,Holy Ghost!
1194,408,529,11,False,Unnamed: 15,Nahko and Medicine for the People
1195,408,594,12,False,Unnamed: 16,Phosphorescent
1196,408,658,13,False,Unnamed: 17,Run the Jewels
1197,409,566,1,True,Show,Outside Lands 2014
1198,409,883,2,False,Unnamed: 6,Tom Petty & the Heartbreakers
1199,409,198,3,False,Unnamed: 7,Death Cab for Cutie
1200,409,144,4,False,Unnamed: 8,Capital Cities
1201,409,901,5,False,Unnamed: 9,Tycho
1202,409,433,6,False,Unnamed: 10,Local Natives
1203,410,566,1,True,Show,Outside Lands 2014
1204,410,268,2,False,Unnamed: 6,Flaming Lips
1205,410,730,3,False,Unnamed: 7,Spoon
1206,410,577,4,False,Unnamed: 8,Paolo Nutini
1207,411,83,1,True,Show,Beer Bash
1208,411,490,2,False,Unnamed: 6,Michael Franti & Spearhead
1209,412,174,1,True,Show,Counting Crows
1210,412,877,2,False,Unnamed: 6,Toad the Wet Sprocket
1211,413,262,1,True,Show,First City Festival ‘14
1212,413,82,2,False,Unnamed: 6,Beck
1213,413,107,3,False,Unnamed: 7,Blind Pilot
1214,413,589,4,False,Unnamed: 8,Phantogram
1215,413,909,5,False,Unnamed: 9,Unknown Mortal Orchestra
1216,413,756,6,False,Unnamed: 10,Tanlines
1217,413,90,7,False,Unnamed: 11,Best Coast
1218,413,500,8,False,Unnamed: 12,Mimicking Birds
1219,413,879,9,False,Unnamed: 13,Tokyo Police Club
1220,413,167,10,False,Unnamed: 14,Cocoroise
1221,414,357,1,True,Show,J Davis Trio
1222,415,754,1,True,Show,Tableau Conference Customer Appreciation Party ‘14
1223,415,698,2,False,Unnamed: 6,Sir Mix-a-lot
1224,415,815,3,False,Unnamed: 7,The Head & The Heart
1225,416,783,1,True,Show,The Breeders
1226,416,836,2,False,Unnamed: 6,The Neptunas
1227,417,769,1,True,Show,The Airborne Toxic Event
1228,417,404,2,False,Unnamed: 6,Kiev
1229,418,769,1,True,Show,The Airborne Toxic Event
1230,418,351,2,False,Unnamed: 6,In the Valley Below
1231,419,769,1,True,Show,The Airborne Toxic Event
1232,419,943,2,False,Unnamed: 6,White Arrows
1233,420,882,1,True,Show,Tom Petty & the Heartbrakers
1234,420,737,2,False,Unnamed: 6,Steve Winwood
1235,421,882,1,True,Show,Tom Petty & the Heartbrakers
1236,421,737,2,False,Unnamed: 6,Steve Winwood
1237,422,410,1,True,Show,LA Bluegrass Situation ‘14
1238,422,445,2,False,Unnamed: 6,Lord Huron
1239,422,107,3,False,Unnamed: 7,Blind Pilot
1240,423,47,1,True,Show,Andrew McMahon in the Wilderness
1241,423,390,2,False,Unnamed: 6,Junior Prom
1242,423,346,3,False,Unnamed: 7,Hunted Hunter
1243,424,277,1,True,Show,Foster the People
1244,425,169,1,True,Show,Cold War Kids
1245,425,68,2,False,Unnamed: 6,Avid Dancer
1246,426,174,1,True,Show,Counting Crows
1247,427,514,1,True,Show,Motion City Soundtrack CTTM 10th Anniversary
1248,427,331,2,False,Unnamed: 6,Hellogoodbye
1249,428,624,1,True,Show,Railroad Earth
1250,428,11,2,False,Unnamed: 6,?
1251,429,174,1,True,Show,Counting Crows
1252,429,899,2,False,Unnamed: 6,Twin Forks
1253,430,174,1,True,Show,Counting Crows
1254,430,899,2,False,Unnamed: 6,Twin Forks
1255,431,730,1,True,Show,Spoon
1256,432,813,1,True,Show,The Grateful Dead
1257,433,813,1,True,Show,The Grateful Dead
1258,434,174,1,True,Show,Counting Crows
1259,434,163,2,False,Unnamed: 6,Citizen Cope
1260,435,210,1,True,Show,DNC Hope Fundraiser
1261,435,399,2,False,Unnamed: 6,Kanye West
1262,435,606,3,False,Unnamed: 7,President Barack Obama
1263,436,188,1,True,Show,Data Night Out TC15
1264,436,264,2,False,Unnamed: 6,Fitz & the Tantrums
1265,436,649,3,False,Unnamed: 7,Robert DeLong
1266,436,74,4,False,Unnamed: 8,Band of Horses
1267,436,595,5,False,Unnamed: 9,PHOX
1268,437,902,1,True,Show,Typhoon
1269,438,358,1,True,Show,Jack’s Mannequin
1270,438,688,2,False,Unnamed: 6,She is We
1271,439,419,1,True,Show,Lettuce
1272,440,652,1,True,Show,Roger Clyne & the Peacemakers
1273,441,510,1,True,Show,Motion City Soundtrack
1274,441,852,2,False,Unnamed: 6,The Spill Canvas
1275,442,961,1,True,Show,X Ambassadors
1276,443,580,1,True,Show,Paul Simon
1277,444,567,1,True,Show,Outside Lands 2016
1278,444,356,2,False,Unnamed: 6,J Cole
1279,444,414,3,False,Unnamed: 7,LCD Sound System
1280,444,79,4,False,Unnamed: 8,Beach House
1281,444,601,5,False,Unnamed: 9,Polica
1282,444,317,6,False,Unnamed: 10,Grimes
1283,444,95,7,False,Unnamed: 11,Big Boi
1284,444,534,8,False,Unnamed: 12,Nathaniel Rateliff & the Night Sweats
1285,444,223,9,False,Unnamed: 13,Duran Duran
1286,445,567,1,True,Show,Outside Lands 2016
1287,445,622,2,False,Unnamed: 6,Radiohead
1288,445,44,3,False,Unnamed: 7,Anderson.Paak & the Free Nationals
1289,445,744,4,False,Unnamed: 8,Sufjan Stevens
1290,445,935,5,False,Unnamed: 9,Warren G
1291,445,25,6,False,Unnamed: 10,Air
1292,445,825,7,False,Unnamed: 11,The Last Shadow Puppets
1293,445,96,8,False,Unnamed: 12,Big Grams
1294,445,236,9,False,Unnamed: 13,Electric Beethoven Acid Test
1295,445,445,10,False,Unnamed: 14,Lord Huron
1296,445,966,11,False,Unnamed: 15,Years & Years
1297,445,823,12,False,Unnamed: 16,The Knocks
1298,445,654,13,False,Unnamed: 17,Rogue Wave
1299,446,567,1,True,Show,Outside Lands 2016
1300,446,153,2,False,Unnamed: 6,Chance the Rapper
1301,446,122,3,False,Unnamed: 7,Brandi Carlile
1302,446,871,4,False,Unnamed: 8,Third Eye Blind
1303,446,219,5,False,Unnamed: 9,Dr Teeth & the Electric Mayhem
1304,446,553,6,False,Unnamed: 10,Oh Wonder
1305,446,398,7,False,Unnamed: 11,Kamasi Washington
1306,447,431,1,True,Show,Live at Lagunitas
1307,447,107,2,False,Unnamed: 6,Blind Pilot
1308,448,249,1,True,Show,Eve 6
1309,449,174,1,True,Show,Counting Crows
1310,449,647,2,False,Unnamed: 6,Rob Thomas
1311,450,641,1,True,Show,Riot Fest '16
1312,450,377,2,False,Unnamed: 6,Jimmy Eat World
1313,451,641,1,True,Show,Riot Fest '16
1314,451,530,2,False,Unnamed: 6,Nas
1315,451,198,3,False,Unnamed: 7,Death Cab for Cutie
1316,451,487,4,False,Unnamed: 8,Method Man & Redman
1317,451,121,5,False,Unnamed: 9,Brand New
1318,451,265,6,False,Unnamed: 10,Fitz and the Tantrums
1319,451,862,7,False,Unnamed: 11,The Walters
1320,451,510,8,False,Unnamed: 12,Motion City Soundtrack
1321,451,708,9,False,Unnamed: 13,Smoking Popes
1322,451,334,10,False,Unnamed: 14,Hippo Campus
1323,451,199,11,False,Unnamed: 15,Dee-1
1324,451,491,12,False,Unnamed: 16,Microwave
1325,451,703,13,False,Unnamed: 17,Sleepy Kitty
1326,451,215,14,False,Unnamed: 18,Donna Missal
1327,451,599,15,False,Unnamed: 19,Plague Vendor
1328,451,126,16,False,Unnamed: 20,Brick + Mortar
1329,452,510,1,True,Show,Motion City Soundtrack
1330,452,424,2,False,Unnamed: 6,Lifted Bells
1331,453,624,1,True,Show,Railroad Earth
1332,454,629,1,True,Show,Red Hot Chili Peppers
1333,454,896,2,False,Unnamed: 6,Trombone Shorty & Orleans Avenue
1334,455,419,1,True,Show,Lettuce
1335,456,169,1,True,Show,Cold War Kids
1336,457,47,1,True,Show,Andrew McMahon in the Wilderness
1337,457,61,2,False,Unnamed: 6,Atlas Genius
1338,458,377,1,True,Show,Jimmy Eat World
1339,459,430,1,True,Show,Live 105's BFD 2017
1340,459,593,2,False,Unnamed: 6,Phoenix
1341,459,169,3,False,Unnamed: 7,Cold War Kids
1342,459,498,4,False,Unnamed: 8,Milky Chance
1343,459,47,5,False,Unnamed: 9,Andrew McMahon in the Wilderness
1344,459,542,6,False,Unnamed: 10,Nine Pound Shadow
1345,459,152,7,False,Unnamed: 11,Cemetery Sun
1346,459,100,8,False,Unnamed: 12,Birthday
1347,459,450,9,False,Unnamed: 13,LP
1348,459,506,10,False,Unnamed: 14,Mondo Cozmo
1349,460,277,1,True,Show,Foster the People
1350,460,340,2,False,Unnamed: 6,Honne
1351,461,439,1,True,Show,Lollapalooza ‘17
1352,461,446,2,False,Unnamed: 6,Lorde
1353,461,142,3,False,Unnamed: 7,Cage the Elephant
1354,461,957,4,False,Unnamed: 8,Wiz Khalifa
1355,461,422,5,False,Unnamed: 9,Liam Gallagher
1356,461,730,6,False,Unnamed: 10,Spoon
1357,461,144,7,False,Unnamed: 11,Capital Cities
1358,461,334,8,False,Unnamed: 12,Hippo Campus
1359,461,61,9,False,Unnamed: 13,Atlas Genius
1360,462,439,1,True,Show,Lollapalooza ‘17
1361,462,109,2,False,Unnamed: 6,Blink 182
1362,462,277,3,False,Unnamed: 7,Foster the People
1363,462,181,4,False,Unnamed: 8,Crystal Castles
1364,462,47,5,False,Unnamed: 9,Andrew McMahon in the Wilderness
1365,463,47,1,True,Show,Andrew McMahon in the Wilderness
1366,464,439,1,True,Show,Lollapalooza ‘17
1367,464,153,2,False,Unnamed: 6,Chance the Rapper
1368,464,866,3,False,Unnamed: 7,The xx
1369,464,36,4,False,Unnamed: 8,Alt J
1370,464,816,5,False,Unnamed: 9,The Head and the Heart
1371,464,298,6,False,Unnamed: 10,Glass Animals
1372,464,915,7,False,Unnamed: 11,Vance Joy
1373,464,429,8,False,Unnamed: 12,Live
1374,465,439,1,True,Show,Lollapalooza ‘17
1375,465,53,2,False,Unnamed: 6,Arcade Fire
1376,465,849,3,False,Unnamed: 7,The Shins
1377,465,498,4,False,Unnamed: 8,Milky Chance
1378,465,319,5,False,Unnamed: 9,Grouplove
1379,466,568,1,True,Show,Outside Lands 2017
1380,466,308,2,False,Unnamed: 6,Gorillaz
1381,467,568,1,True,Show,Outside Lands 2017
1382,467,486,2,False,Unnamed: 6,Metallica
1383,467,142,3,False,Unnamed: 7,Cage the Elephant
1384,468,316,1,True,Show,Gregory Alan Isakov
1385,468,107,2,False,Unnamed: 6,Blind Pilot
1386,469,882,1,True,Show,Tom Petty & the Heartbrakers
1387,469,848,2,False,Unnamed: 6,The Shelters
1388,470,395,1,True,Show,Kaaboo ‘17
1389,470,629,2,False,Unnamed: 6,Red Hot Chili Peppers
1390,470,938,3,False,Unnamed: 7,Weezer
1391,470,401,4,False,Unnamed: 8,Ke$ha
1392,471,395,1,True,Show,Kaaboo ‘17
1393,471,572,2,False,Unnamed: 6,P!nk
1394,471,364,3,False,Unnamed: 7,Jane’s Addiction
1395,471,348,4,False,Unnamed: 8,Ice Cube
1396,471,436,5,False,Unnamed: 9,Logic
1397,471,287,6,False,Unnamed: 10,Garbage
1398,471,861,7,False,Unnamed: 11,The Wallflowers
1399,471,877,8,False,Unnamed: 12,Toad the Wet Sprocket
1400,471,24,9,False,Unnamed: 13,Ages and Ages
1401,472,395,1,True,Show,Kaaboo ‘17
1402,472,883,2,False,Unnamed: 6,Tom Petty & the Heartbreakers
1403,472,28,3,False,Unnamed: 7,Alanis Morissette
1404,472,359,4,False,Unnamed: 8,Jackson Browne
1405,472,429,5,False,Unnamed: 9,Live
1406,472,498,6,False,Unnamed: 10,Milky Chance
1407,472,586,7,False,Unnamed: 11,Pete Yorn
1408,473,498,1,True,Show,Milky Chance
1409,474,759,1,True,Show,TCC ’17 Data Night Out
1410,474,241,2,False,Unnamed: 6,Empire of the Sun
1411,475,53,1,True,Show,Arcade Fire
1412,475,48,2,False,Unnamed: 6,Angel Olsen
1413,476,297,1,True,Show,Gin Blossoms
1414,477,871,1,True,Show,Third Eye Blind
1415,478,174,1,True,Show,Counting Crows
1416,479,616,1,True,Show,Q101’s Nights We Stole Christmas
1417,479,277,2,False,Unnamed: 6,Foster the People
1418,479,169,3,False,Unnamed: 7,Cold War Kids
1419,480,498,1,True,Show,Milky Chance
1420,481,738,1,True,Show,Stick Figure
1421,481,898,2,False,Unnamed: 6,Twiddle
1422,482,419,1,True,Show,Lettuce
1423,483,108,1,True,Show,Blind Pilot with Orchestra
1424,484,898,1,True,Show,Twiddle
1425,484,738,2,False,Unnamed: 6,Stick Figure
1426,484,13,3,False,Unnamed: 7,A Hip Abduction
1427,485,47,1,True,Show,Andrew McMahon in the Wilderness
1428,486,494,1,True,Show,Mihali
1429,487,591,1,True,Show,Phil Lesch & Friends
1430,487,898,2,False,Unnamed: 6,Twiddle
1431,488,174,1,True,Show,Counting Crows
1432,488,429,2,False,Unnamed: 6,Live
1433,489,7,1,True,Show,311
1434,489,840,2,False,Unnamed: 6,The Offspring
1435,489,323,3,False,Unnamed: 7,Gym Class Heroes
1436,490,569,1,True,Show,Outside Lands 2018
1437,490,82,2,False,Unnamed: 6,Beck
1438,491,569,1,True,Show,Outside Lands 2018
1439,492,569,1,True,Show,Outside Lands 2018
1440,492,363,2,False,Unnamed: 6,Janet Jackson
1441,492,625,3,False,Unnamed: 7,Rainbow Kitten Surprise
1442,493,706,1,True,Show,Smashing Pumpkins
1443,494,53,1,True,Show,Arcade Fire
1444,494,318,2,False,Unnamed: 6,Grizzly Bear
1445,495,573,1,True,Show,P1440
1446,495,319,2,False,Unnamed: 6,Grouplove
1447,496,573,1,True,Show,P1440
1448,496,277,2,False,Unnamed: 6,Foster the People
1449,497,33,1,True,Show,Alkaline Trio
1450,498,713,1,True,Show,Soja
1451,498,898,2,False,Unnamed: 6,Twiddle
1452,499,393,1,True,Show,Justin Courtney Pierre
1453,500,159,1,True,Show,Childish Gambino
1454,501,898,1,True,Show,Twiddle
1455,502,898,1,True,Show,Twiddle
1456,503,898,1,True,Show,Twiddle
1457,504,47,1,True,Show,Andrew McMahon in the Wilderness
1458,505,898,1,True,Show,Twiddle
1459,505,596,2,False,Unnamed: 6,Pigeons Playing Ping Pong
1460,505,406,3,False,Unnamed: 7,Kitchen Dwellers
1461,506,453,1,True,Show,Ludovico Einaudi
1462,507,749,1,True,Show,Summer Gods Tour
1463,507,871,2,False,Unnamed: 6,Third Eye Blind
1464,507,377,3,False,Unnamed: 7,Jimmy Eat World
1465,507,620,4,False,Unnamed: 8,Ra Ra Riot
1466,508,433,1,True,Show,Local Natives
1467,509,433,1,True,Show,Local Natives
1468,510,333,1,True,Show,High Times Cannabis Cup
1469,510,738,2,False,Unnamed: 6,Stick Figure
1470,510,898,3,False,Unnamed: 7,Twiddle
1471,511,43,1,True,Show,Anderson Paak
1472,512,730,1,True,Show,Spoon
1473,513,749,1,True,Show,Summer Gods Tour
1474,513,871,2,False,Unnamed: 6,Third Eye Blind
1475,513,377,3,False,Unnamed: 7,Jimmy Eat World
1476,513,620,4,False,Unnamed: 8,Ra Ra Riot
1477,514,570,1,True,Show,Outside Lands 2019
1478,514,174,2,False,Unnamed: 6,Counting Crows
1479,514,123,3,False,Unnamed: 7,Brass Tracks
1480,514,109,4,False,Unnamed: 8,Blink-182
1481,514,964,5,False,Unnamed: 9,Yaeji
1482,514,413,6,False,Unnamed: 10,Lauren Daigle
1483,514,425,7,False,Unnamed: 11,Lil Wayne
1484,515,580,1,True,Show,Paul Simon
1485,516,570,1,True,Show,Outside Lands 2019
1486,516,159,2,False,Unnamed: 6,Childish Gambino
1487,516,344,3,False,Unnamed: 7,Hozier
1488,516,91,4,False,Unnamed: 8,Better Oblivion Community Center
1489,516,273,5,False,Unnamed: 9,Flume
1490,516,31,6,False,Unnamed: 10,Alina Baraz
1491,516,594,7,False,Unnamed: 11,Phosphorescent
1492,516,232,8,False,Unnamed: 12,Edie Brickell & the New Bohemians
1493,516,665,9,False,Unnamed: 13,Santigold
1494,516,932,10,False,Unnamed: 14,Wallows
1495,517,570,1,True,Show,Outside Lands 2019
1496,517,580,2,False,Unnamed: 6,Paul Simon
1497,517,44,3,False,Unnamed: 7,Anderson.Paak & the Free Nationals
1498,517,886,4,False,Unnamed: 8,Toro y Moi
1499,517,114,5,False,Unnamed: 9,Bob Moses
1500,517,396,6,False,Unnamed: 10,Kacey Musgraves
1501,517,209,7,False,Unnamed: 11,DJ Koze
1502,517,387,8,False,Unnamed: 12,Judah & the Lion
1503,517,528,9,False,Unnamed: 13,Nahko & Medicine for the People
1504,517,30,10,False,Unnamed: 14,Alex Lahey
1505,517,420,11,False,Unnamed: 15,Leven Kali
1506,517,598,12,False,Unnamed: 16,PJ Morton
1507,518,387,1,True,Show,Judah & the Lion
1508,519,1,1,True,Show,10th Annual Dear Jack Benefit
1509,519,45,2,False,Unnamed: 6,Andrew McMahon
1510,520,169,1,True,Show,Cold War Kids
1511,521,462,1,True,Show,Manchester Orchestra
1512,522,433,1,True,Show,Local Natives
1513,523,45,1,True,Show,Andrew McMahon
1514,524,45,1,True,Show,Andrew McMahon
1515,525,510,1,True,Show,Motion City Soundtrack
1516,526,898,1,True,Show,Twiddle
1517,527,47,1,True,Show,Andrew McMahon in the Wilderness
1518,528,47,1,True,Show,Andrew McMahon in the Wilderness
1519,529,47,1,True,Show,Andrew McMahon in the Wilderness
1520,530,49,1,True,Show,Angels & Airwaves
1521,531,174,1,True,Show,Counting Crows
1522,532,730,1,True,Show,Spoon
1523,533,107,1,True,Show,Blind Pilot
1524,534,107,1,True,Show,Blind Pilot
1525,535,169,1,True,Show,Cold War Kids
1526,536,49,1,True,Show,Angels & Airwaves
1527,537,104,1,True,Show,Bleachers
1528,537,165,2,False,Unnamed: 6,Claud
1529,538,104,1,True,Show,Bleachers
1530,539,104,1,True,Show,Bleachers
1531,540,898,1,True,Show,Twiddle
1532,541,879,1,True,Show,Tokyo Police Club
1533,542,104,1,True,Show,Bleachers
1534,542,165,2,False,Unnamed: 6,Claud
1535,543,898,1,True,Show,Twiddle
1536,544,278,1,True,Show,Foster the People: Torches 10th Anniversary
1537,545,64,1,True,Show,Audacy Beach Festival
1538,545,104,2,False,Unnamed: 6,Bleachers
1539,545,498,3,False,Unnamed: 7,Milky Chance
1540,545,298,4,False,Unnamed: 8,Glass Animals
1541,546,64,1,True,Show,Audacy Beach Festival
1542,546,169,2,False,Unnamed: 6,Cold War Kids
1543,547,498,1,True,Show,Milky Chance
1544,548,462,1,True,Show,Manchester Orchestra
1545,549,202,1,True,Show,Delta Spirit
1546,549,575,2,False,Unnamed: 6,Palm Palm
1547,550,84,1,True,Show,Ben Folds
1548,551,104,1,True,Show,Bleachers
1549,552,515,1,True,Show,Motion City Soundtrack CTTM 17th Anniversary
1550,552,34,2,False,Unnamed: 6,All Get Out
1551,553,107,1,True,Show,Blind Pilot
1552,554,769,1,True,Show,The Airborne Toxic Event
1553,555,629,1,True,Show,Red Hot Chili Peppers
1554,555,82,2,False,Unnamed: 6,Beck
1555,555,874,3,False,Unnamed: 7,Thundercat
1556,556,47,1,True,Show,Andrew McMahon in the Wilderness
1557,557,387,1,True,Show,Judah & the Lion
1558,557,705,2,False,Unnamed: 6,Smallpools
1559,558,306,1,True,Show,Good Kid
1560,559,33,1,True,Show,Alkaline Trio
1561,559,697,2,False,Unnamed: 6,Sincere Engineer
1562,560,642,1,True,Show,Riot Fest ‘22
1563,560,523,2,False,Unnamed: 6,My Chemical Romance
1564,560,104,3,False,Unnamed: 7,Bleachers
1565,560,865,4,False,Unnamed: 8,The Wonder Years
1566,560,452,5,False,Unnamed: 11,Lucky Boy’s Confusion
1567,560,697,6,False,Unnamed: 12,Sincere Engineer
1568,561,642,1,True,Show,Riot Fest ‘22
1569,561,967,2,False,Unnamed: 6,Yellowcard
1570,561,322,3,False,Unnamed: 7,Gwar
1571,561,808,4,False,Unnamed: 8,The Front Bottoms
1572,561,855,5,False,Unnamed: 9,The Story So Far
1573,561,71,6,False,Unnamed: 10,Bad Religion
1574,561,970,7,False,Unnamed: 11,Yungblud
1575,561,10,8,False,Unnamed: 12,7 Seconds
1576,561,517,9,False,Unnamed: 13,Movements
1577,562,644,1,True,Show,Riot Fest ’22 Aftershow
1578,562,377,2,False,Unnamed: 6,Jimmy Eat World
1579,562,156,3,False,Unnamed: 7,Charly Bliss
1580,563,642,1,True,Show,Riot Fest ‘22
1581,563,702,2,False,Unnamed: 6,Sleater-Kinney
1582,563,377,3,False,Unnamed: 7,Jimmy Eat World
1583,563,601,4,False,Unnamed: 8,Polica
1584,564,861,1,True,Show,The Wallflowers
1585,565,724,1,True,Show,Spafford
1586,566,198,1,True,Show,Death Cab for Cutie
1587,567,377,1,True,Show,Jimmy Eat World
1588,568,941,1,True,Show,When We Were Young ‘22
1589,568,33,2,False,Unnamed: 7,Alkaline Trio
1590,568,377,3,False,Unnamed: 8,Jimmy Eat World
1591,568,462,4,False,Unnamed: 9,Manchester Orchestra
1592,568,865,5,False,Unnamed: 10,The Wonder Years
1593,568,17,6,False,Unnamed: 11,Acceptance
1594,569,3,1,True,Show,13th Annual Dear Jack Benefit
1595,569,47,2,False,Unnamed: 6,Andrew McMahon in the Wilderness
1596,569,16,3,False,Unnamed: 7,Academy is dude
1597,570,104,1,True,Show,Bleachers
1598,570,769,2,False,Unnamed: 6,The Airborne Toxic Event
1599,571,898,1,True,Show,Twiddle
1600,571,234,2,False,Unnamed: 6,Eggy
1601,572,865,1,True,Show,The Wonder Years
1602,572,341,2,False,Unnamed: 6,Hot Mulligan
1603,573,381,1,True,Show,John Mellencamp
1604,574,301,1,True,Show,Go Go Penguin
1605,575,173,1,True,Show,Couch
1606,576,791,1,True,Show,The Cure
1607,577,109,1,True,Show,Blink 182
1608,578,377,1,True,Show,Jimmy Eat World
1609,578,462,2,False,Unnamed: 6,Manchester Orchestra
1610,578,492,3,False,Unnamed: 7,Middle Kids
1611,579,377,1,True,Show,Jimmy Eat World
1612,579,462,2,False,Unnamed: 6,Manchester Orchestra
1613,580,377,1,True,Show,Jimmy Eat World
1614,580,462,2,False,Unnamed: 6,Manchester Orchestra
1615,581,762,1,True,Show,Tears for Fears
1616,581,169,2,False,Unnamed: 6,Cold War Kids
1617,582,662,1,True,Show,Sad Summer Fest ‘23
1618,582,755,2,False,Unnamed: 6,Taking Back Sunday
1619,582,45,3,False,Unnamed: 7,Andrew McMahon
1620,582,830,4,False,Unnamed: 8,The Maine
1621,583,969,1,True,Show,Young the Giant
1622,583,498,2,False,Unnamed: 6,Milky Chance
1623,584,462,1,True,Show,Manchester Orchestra
1624,584,377,2,False,Unnamed: 6,Jimmy Eat World
1625,585,229,1,True,Show,Ed Sheeran: - Tour
1626,586,174,1,True,Show,Counting Crows
1627,587,773,1,True,Show,The All-American Rejects
1628,587,510,2,False,Unnamed: 6,Motion City Soundtrack
1629,587,812,3,False,Unnamed: 7,The Get Up Kids
1630,588,433,1,True,Show,Local Natives
1631,589,844,1,True,Show,The Postal Service
1632,589,198,2,False,Unnamed: 6,Death Cab for Cutie
1633,590,942,1,True,Show,When We Were Young ‘23
1634,590,109,2,False,Unnamed: 6,Blink 182
1635,590,312,3,False,Unnamed: 7,Green Day
1636,590,716,4,False,Unnamed: 8,Something Corporate
1637,590,510,5,False,Unnamed: 9,Motion City Soundtrack
1638,590,341,6,False,Unnamed: 10,Hot Mulligan
1639,590,768,7,False,Unnamed: 11,The Academy Is…
1640,590,967,8,False,Unnamed: 12,Yellowcard
1641,591,349,1,True,Show,Ichi Bichi
1642,591,63,2,False,Unnamed: 6,Atrocity Girl
1643,592,898,1,True,Show,Twiddle
1644,592,482,2,False,Unnamed: 6,Melt
1645,593,169,1,True,Show,Cold War Kids
1646,593,343,2,False,Unnamed: 6,Hovvdy
1647,594,169,1,True,Show,Cold War Kids
1648,594,343,2,False,Unnamed: 6,Hovvdy
1649,595,319,1,True,Show,Grouplove
1650,595,136,2,False,Unnamed: 6,Bully
1651,596,902,1,True,Show,Typhoon
1652,597,33,1,True,Show,Alkaline Trio
1653,597,222,2,False,Unnamed: 6,Drug Church
1654,598,725,1,True,Show,Spanish Love Songs
1655,598,562,2,False,Unnamed: 6,Oso Oso
1656,598,959,3,False,Unnamed: 7,Worry Club
1657,598,753,4,False,Unnamed: 8,Sydney Sprague
1658,599,99,1,True,Show,Billy Joel
1659,600,871,1,True,Show,Third Eye Blind
1660,600,967,2,False,Unnamed: 6,Yellowcard
1661,600,55,3,False,Unnamed: 7,Arizona
1662,601,142,1,True,Show,Cage the Elephant
1663,601,969,2,False,Unnamed: 6,Young the Giant
1664,602,769,1,True,Show,The Airborne Toxic Event
1665,602,129,2,False,Unnamed: 6,Brigitte Calls Me Baby
1666,603,769,1,True,Show,The Airborne Toxic Event
1667,603,129,2,False,Unnamed: 6,Brigitte Calls Me Baby
1668,604,337,1,True,Show,Holiday from Real Cruise ‘24
1669,604,358,2,False,Unnamed: 6,Jack's Mannequin
1670,604,67,3,False,Unnamed: 7,Augustana
1671,604,768,4,False,Unnamed: 8,The Academy Is…
1672,605,337,1,True,Show,Holiday from Real Cruise ‘24
1673,605,716,2,False,Unnamed: 6,Something Corporate
1674,605,768,3,False,Unnamed: 7,The Academy Is…
1675,605,98,4,False,Unnamed: 8,Bikelock
1676,606,337,1,True,Show,Holiday from Real Cruise ‘24
1677,606,47,2,False,Unnamed: 6,Andrew McMahon in the Wilderness
1678,606,146,3,False,Unnamed: 7,Cartel
1679,606,971,4,False,Unnamed: 8,Zac Clark
1680,607,337,1,True,Show,Holiday from Real Cruise ‘24
1681,607,67,2,False,Unnamed: 6,Augustana
1682,607,46,3,False,Unnamed: 7,Andrew McMahon & Friends
1683,607,768,4,False,Unnamed: 8,The Academy Is
1684,608,277,1,True,Show,Foster the People
1685,608,307,2,False,Unnamed: 6,Good Neighbors
1686,609,358,1,True,Show,Jack's Mannequin
1687,610,107,1,True,Show,Blind Pilot
1688,611,73,1,True,Show,band
1689,612,723,1,True,Show,Spacehog
1690,612,239,2,False,Unnamed: 6,EMF
1691,612,226,3,False,Unnamed: 7,Ecce Shnak
1692,613,358,1,True,Show,Jack’s Mannequin
1693,613,799,2,False,Unnamed: 6,The Early November
1694,614,956,1,True,Show,Winnetka Music Festival ‘25
1695,614,169,2,False,Unnamed: 6,Cold War Kids
1696,614,586,3,False,Unnamed: 7,Pete Yorn
1697,614,397,4,False,Unnamed: 8,Kam Franklin
1698,614,955,5,False,Unnamed: 9,Winnetka Bowling League
1699,614,67,6,False,Unnamed: 10,Augustana
1700,615,429,1,True,Show,Live
1701,615,171,2,False,Unnamed: 6,Collective Soul
1702,615,564,3,False,Unnamed: 7,Our Lady Peace
1703,616,17,1,True,Show,Acceptance
1704,616,789,2,False,Unnamed: 6,The Classic Crime
1705,616,14,3,False,Unnamed: 7,Aaron Sprinkle
1706,617,840,1,True,Show,The Offspring
1707,617,377,2,False,Unnamed: 6,Jimmy Eat World
1708,618,250,1,True,Show,Everclear
1709,618,432,2,False,Unnamed: 6,Local H
1710,618,729,3,False,Unnamed: 7,Sponge
1711,619,190,1,True,Show,David Byrne
1712,620,358,1,True,Show,Jack’s Mannequin
1713,620,350,2,False,Unnamed: 6,illuminati hottie
1714,621,341,1,True,Show,Hot Mulligan
1715,621,222,2,False,Unnamed: 6,Drug Church
1716,621,56,3,False,Unnamed: 7,Arm’s Length
1717,621,52,4,False,Unnamed: 8,Anxious
1718,622,510,1,True,Show,Motion City Soundtrack
1719,622,670,2,False,Unnamed: 6,Say Anything
1720,622,562,3,False,Unnamed: 7,Oso Oso
1721,622,887,4,False,Unnamed: 8,Tourist Activity
1722,623,496,1,True,Show,Mike Campbell & the Dirty Knobs
1723,624,24,1,True,Show,Ages and Ages
1724,624,671,2,False,Unnamed: 6,Scarves
1725,625,824,1,True,Show,The Last Night on Earth
1726,625,769,2,False,Unnamed: 6,The Airborne Toxic Event
1727,626,824,1,True,Show,The Last Night on Earth
1728,626,771,2,False,Unnamed: 6,The Airborne Toxic Event w/Palm Springs Symphony
1729,627,770,1,True,Show,The Airborne Toxic Event (acoustic)
1730,628,824,1,True,Show,The Last Night on Earth
1731,628,769,2,False,Unnamed: 6,The Airborne Toxic Event
1732,629,510,1,True,Show,Motion City Soundtrack
1733,630,553,1,True,Show,Oh Wonder
1734,631,768,1,True,Show,The Academy is…
1735,631,384,2,False,Unnamed: 6,Jon Walker
1736,631,347,3,False,Unnamed: 7,Ian Crawford
1737,632,306,1,True,Show,Good Kid
1738,632,353,2,False,Unnamed: 6,INOHA
1739,633,895,1,True,Show,Tripping Daisy
1740,634,510,1,True,Show,Motion City Soundtrack
1741,634,146,2,False,Unnamed: 6,Cartel
1742,634,81,3,False,Unnamed: 7,Beauty School
1743,635,564,1,True,Show,Our Lady Peace
1744,635,859,2,False,Unnamed: 6,The Verve Pipe
1745,636,377,1,True,Show,Jimmy Eat World
1746,636,510,2,False,Unnamed: 6,Motion City Soundtrack
1747,637,377,1,True,Show,Jimmy Eat World
1748,637,510,2,False,Unnamed: 6,Motion City Soundtrack
1749,638,107,1,True,Show,Blind Pilot
1750,639,969,1,True,Show,Young the Giant
1751,639,169,2,False,Unnamed: 6,Cold War Kids
1752,640,549,1,True,Show,Of Monsters and Men
1753,641,228,1,True,Show,Ed Sheeran
1754,642,174,1,True,Show,Counting Crows
1755,643,873,1,True,Show,Three Pianos
1756,643,47,2,False,Unnamed: 6,Andrew McMahon in the Wilderness
1757,643,358,3,False,Unnamed: 7,Jack’s Mannequin
1758,643,716,4,False,Unnamed: 8,Something Corporate
1759,644,377,1,True,Show,Jimmy Eat World
1760,644,812,2,False,Unnamed: 7,The Get Up Kids
1761,645,871,1,True,Show,Third Eye Blind
1762,646,277,1,True,Show,Foster the People
1763,647,104,1,True,Show,Bleachers
1764,648,769,1,True,Show,The Airborne Toxic Event
1765,649,183,1,True,Show,Cytrus
1766,650,387,1,True,Show,Judah & the Lion
1767,651,645,1,True,Show,Rise Against
1768,651,33,2,False,Unnamed: 6,Alkaline Trio
1769,652,706,1,True,Show,Smashing Pumpkins
1770,653,586,1,True,Show,Pete Yorn
1771,654,118,1,True,Show,Boston Manor
1772,654,89,2,False,Unnamed: 6,Ben Quad
