in FB,Date,Venue,City,State,Show,,,,,,,,,,,,,,,,,,
TRUE,"Thursday, August 31, 1995",New World Music Theatre,Tinley Park,Illinois,Live,PJ Harvey,Veruca Salt,Buffalo Tom,,,,,,,,,,,,,,,
FALSE,"Friday, December 8, 1995",Rosemont Horizon,Rosemont,Illinois,Q101's Twisted Christmas 2,White Zombie,Oasis,Alanis Morissette,Soul Asylum,Porno for Pyros,Goo Goo Dolls,Silverchair,Tripping Daisy,,,,,,,,,,
TRUE,"Friday, March 22, 1996",Metro,Chicago,Illinois,Spacehog,Ruth Ruth,Mr Miraingai,,,,,,,,,,,,,,,,
FALSE,"Friday, July 5, 1996",Aragon Ballroom,Chicago,Illinois,Everclear,Tracy Bonham,Spacehog,Seven Year Bitch,,,,,,,,,,,,,,,
FALSE,"Friday, August 23, 1996",Metro,Chicago,Illinois,Smashing Pumpkins,,,,,,,,,,,,,,,,,,
TRUE,"Friday, September 6, 1996",New World Music Theatre,Tinley Park,Illinois,Neil Yong with Crazy Horse,Dave Matthews Band,Gin Blossoms,,,,,,,,,,,,,,,,
TRUE,"Thursday, October 10, 1996",Odeum,Villa Park,Illinois,Kick-Off Concert,Nada Surf,Primitive Radio Gods,Geggy Tah,,,,,,,,,,,,,,,
,"Thursday, November 21, 1996",Metro,Chicago,Illinois,Dishwalla,Refreshments,Tonic,,,,,,,,,,,,,,,,
FALSE,"Thursday, December 12, 1996",Rosemont Horizon,Rosemont,Illinois,Stone Temple Pilots,Local H,,,,,,,,,,,,,,,,,
,"Saturday, March 1, 1997",Riviera,Chicago,Illinois,Live,Fun Lovin' Criminals,,,,,,,,,,,,,,,,,
TRUE,"Monday, March 10, 1997",Aragon Ballroom,Chicago,Illinois,Counting Crows,Engine 88,,,,,,,,,,,,,,,,,
FALSE,"Thursday, April 24, 1997",Rosemont Horizon,Rosemont,Illinois,Bush,Veruca Salt,,,,,,,,,,,,,,,,,
FALSE,"Sunday, May 25, 1997",New World Music Theatre,Tinley Park,Illinois,Q101's Jamboree '97,Erasure,Bush,Verve Pipe,Beck,Veruca Salt,Cardigans,Jamiroquai,Mighty Mighty Bosstones,Republica,Echo and the Bunnymen,Soul Coughing,Social Distortion,,,,,,
FALSE,"Friday, May 30, 1997",Riviera,Chicago,Illinois,Collective Soul,Darlahood,,,,,,,,,,,,,,,,,
TRUE,"Sunday, June 29, 1997",Soldier Field,Chicago,Illinois,U2,Fun Lovin' Criminals,,,,,,,,,,,,,,,,,
FALSE,"Saturday, July 5, 1997",New World Music Theatre,Tinley Park,Illinois,Counting Crows,The Wallflowers,Bettie Serveert,,,,,,,,,,,,,,,,
TRUE,"Tuesday, July 8, 1997",House of Blues,Chicago,Illinois,Sister Hazel,Fat Banana,,,,,,,,,,,,,,,,,
,"Thursday, August 14, 1997",Vic,Chicago,Illinois,Verve Pipe,Tonic,K's Choice,,,,,,,,,,,,,,,,
FALSE,"Friday, August 22, 1997",New World Music Theatre,Tinley Park,Illinois,Live,Luscious Jackson,Jimmie's Chicken Shack,,,,,,,,,,,,,,,,
TRUE,"Friday, August 29, 1997",New World Music Theatre,Tinley Park,Illinois,Rage Against the Machine,Wu Tang Clan,Atari Teenage Riot,,,,,,,,,,,,,,,,
FALSE,"Saturday, August 30, 1997",New World Music Theatre,Tinley Park,Illinois,Aerosmith,Jonny Lang,,,,,,,,,,,,,,,,,
,"Sunday, October 26, 1997",Metro,Chicago,Illinois,Refreshments,Garrison Starr,,,,,,,,,,,,,,,,,
FALSE,"Monday, November 3, 1997",Modjeska,Milwaukee,Wisconsin,Everclear,Our Lady Peace,Letters to Cleo,,,,,,,,,,,,,,,,
TRUE,"Thursday, March 12, 1998",Metro,Chicago,Illinois,Our Lady Peace,Black Lab,,,,,,,,,,,,,,,,,
FALSE,"Saturday, March 14, 1998",Modjeska,Milwaukee,Wisconsin,Our Lady Peace,Black Lab,,,,,,,,,,,,,,,,,
FALSE,"Saturday, May 23, 1998",New World Music Theatre,Tinley Park,Illinois,Q101's Jamboree '98,Foo Fighters,Soul Asylum,Barenaked Ladies,Scott Weiland,Creed,Ben Folds Five,Spacehog,Specials,They Might Be Giants,Harvey Danger,Eve 6,Fastball,,,,,,
FALSE,"Thursday, June 11, 1998",Aragon Ballroom,Chicago,Illinois,Everclear,Marcy Playground,Fastball,,,,,,,,,,,,,,,,
,"Tuesday, July 7, 1998",New World Music Theatre,Tinley Park,Illinois,Smashing Pumpkins,Cheap Trick,,,,,,,,,,,,,,,,,
,"Wednesday, July 22, 1998",New World Music Theatre,Tinley Park,Illinois,B-52's,Pretenders,Royal Crown Revue,,,,,,,,,,,,,,,,
,"Thursday, August 6, 1998",Metro,Chicago,Illinois,K's Choice,Uninvited,,,,,,,,,,,,,,,,,
FALSE,"Saturday, August 15, 1998",Deer Creek Music Center,Noblesville,Indiana,X-Fest '98,Creed,Third Eye Blind,Marcy Playground,Our Lady Peace,Black Lab,Stabbing Westward,Limp Bizkit,Sprung Monkey,Eve 6,Athenaeum,,,,,,,,
FALSE,"Friday, August 21, 1998",Rosemont Horizon,Rosemont,Illinois,Matchbox 20,Soul Asylum,Semisonic,,,,,,,,,,,,,,,,
TRUE,"Saturday, August 22, 1998",House of Blues,Chicago,Illinois,Sister Hazel,Memory Dean,,,,,,,,,,,,,,,,,
TRUE,"Wednesday, September 23, 1998",Metro,Chicago,Illinois,Tripping Daisy,Flick,Bradford Reed and his Amazing Pencilina,,,,,,,,,,,,,,,,
FALSE,"Friday, September 25, 1998",Aragon Ballroom,Chicago,Illinois,Third Eye Blind,Eve 6,Dovetail Joint,,,,,,,,,,,,,,,,
TRUE,"Saturday, October 17, 1998",Vic,Chicago,Illinois,Better Than Ezra,Athenaeum,Possum Dixon,,,,,,,,,,,,,,,,
TRUE,"Wednesday, November 18, 1998",Kolf Arena,Oshkosh,Wisconsin,Goo Goo Dolls,Buffalo Tom,,,,,,,,,,,,,,,,,
TRUE,"Saturday, November 22, 1998",Rosemont Horizon,Rosemont,Illinois,Billy Joel,,,,,,,,,,,,,,,,,,
TRUE,"Thursday, December 3, 1998",Metro,Chicago,Illinois,Offspring,Unwritten Law,Mary Tyler Morphine,,,,,,,,,,,,,,,,
FALSE,"Friday, December 18, 1998",Rosemont Horizon,Rosemont,Illinois,Q101's Twisted Christmas 5,Beck,Third Eye Blind,Garbage,Goo Goo Dolls,Soul Coughing,Cake,Everlast,,,,,,,,,,,
FALSE,"Friday, February 12, 1999",Vic,Chicago,Illinois,Semisonic,Remy Zero,The Hang-Ups,,,,,,,,,,,,,,,,
,"Thursday, April 15, 1999",House of Blues,Chicago,Illinois,Better Than Ezra,Jude,,,,,,,,,,,,,,,,,
,"Thursday, April 22, 1999",House of Blues,Chicago,Illinois,Fastball,Gigolo Aunts,,,,,,,,,,,,,,,,,
TRUE,"Wednesday, May 5 1999",Coronado Theatre,Rockford,Illinois,Collective Soul,Marvelous 3,,,,,,,,,,,,,,,,,
,"Saturday, June 19, 1999",New World Music Theatre,Tinley Park,Illinois,Santana,Ozomatli,,,,,,,,,,,,,,,,,
FALSE,"Thursday, June 24, 1999",Metro,Chicago,Illinois,Dovetail Joint,Lucky Boy's Confusion,Chevelle,Marvel Kind,,,,,,,,,,,,,,,
FALSE,"Wednesday, June 30, 1999",House of Blues,Chicago,Illinois,Sponge,Second Cumming,Veronica 37,,,,,,,,,,,,,,,,
,"Friday, July 2, 1999",Marcus Amphitheatre,Milwaukee,Wisconsin,John Mellencamp,Son Volt,,,,,,,,,,,,,,,,,
TRUE,"Saturday, July 17, 1999",State Theatre,Kalamazoo,Michigan,Counting Crows,Gigolo Aunts,,,,,,,,,,,,,,,,,
TRUE,"Saturday, July 31, 1999",New World Music Theatre,Tinley Park,Illinois,Tom Petty and the Heartbreakers,Lucinda Williams,,,,,,,,,,,,,,,,,
FALSE,"Tuesday, August 3, 1999",Metro,Chicago,Illinois,Dovetail Joint,Marvelous 3,Watchmen,Shades Apart,,,,,,,,,,,,,,,
TRUE,"Tuesday, August 10, 1999",Marcus Amphitheatre,Milwaukee,Wisconsin,Goo Goo Dolls,Sugar Ray,Fastball,,,,,,,,,,,,,,,,
FALSE,"Thursday, August 12, 1999",House of Blues,Chicago,Illinois,Young Dubliners,Vertical Horizon,,,,,,,,,,,,,,,,,
,"Friday August 20, 1999",New World Music Theatre,Tinley Park,Illinois,REM,Wilco,,,,,,,,,,,,,,,,,
FALSE,"Friday, August 27, 1999",New World Music Theatre,Tinley Park,Illinois,Lenny Kravitz,Smashmouth,Freestylers,,,,,,,,,,,,,,,,
FALSE,"Thursday, September 9, 1999",New World Music Theatre,Tinley Park,Illinois,Bonnie Raitt,Jackson Browne,Bruce Hornsby,Shawn Colvin,Wally Ingram/David Lindley,,,,,,,,,,,,,,
FALSE,"Friday, September 10, 1999",New World Music Theatre,Tinley Park,Illinois,Jeff Beck,Jonny Lang,,,,,,,,,,,,,,,,,
FALSE,"Saturday, September 18, 1999",Metro,Chicago,Illinois,Manic Street Preachers,New Rising Sons,,,,,,,,,,,,,,,,,
FALSE,"Wednesday, September 22, 1999",Metro,Chicago,Illinois,Train,Splender,Shooter,,,,,,,,,,,,,,,,
TRUE,"Thursday, September 23, 1999",Rave/Eagle's Ballroom,Milwaukee,Wisconsin,Marvelous 3,Showoff,Self,,,,,,,,,,,,,,,,
TRUE,"Saturday, September 25, 1999",Canopy Club,Urbana,Illinois,Dovetail Joint,Absinthe Blind,40 Minute Finish,,,,,,,,,,,,,,,,
FALSE,"Wednesday, September 29, 1999",Park West,Chicago,Illinois,Better Than Ezra,Sixpence None the Richer,Jeremy Toback,,,,,,,,,,,,,,,,
FALSE,"Tuesday, October 5, 1999",Metro,Chicago,Illinois,Dovetail Joint,Bomb Pop,Red Star Bellgrade,Ruth Buzzy,,,,,,,,,,,,,,,
FALSE,"Thursday, October 7, 1999",United Center,Chicago,Illinois,Tom Petty & the Heartbrakers,Blind Boys of Alabama,,,,,,,,,,,,,,,,,
TRUE,"Wednesday, October 13, 1999",Aragon Ballroom,Chicago,Illinois,Creed,Our Lady Peace,Oleander,,,,,,,,,,,,,,,,
TRUE,"Thursday, October 14, 1999",United Center,Chicago,Illinois,John Mellencamp,Susan Tedeschi,,,,,,,,,,,,,,,,,
FALSE,"Friday, November 5, 1999",Riviera,Chicago,Illinois,Live,Cibo Matto,,,,,,,,,,,,,,,,,
FALSE,"Wednesday, November 24, 1999",Aragon Ballroom,Chicago,Illinois,Counting Crows,Gigolo Aunts,Joe 90,,,,,,,,,,,,,,,,
TRUE,"Friday, November 26, 1999",Rave/Eagle's Ballroom,Milwaukee,Wisconsin,Counting Crows,Gigolo Aunts,Joe 90,,,,,,,,,,,,,,,,
FALSE,"Friday, December 3, 1999",Rave/Eagle's Ballroom,Milwaukee,Wisconsin,Bush,Days of the New,Buckcherry,Locomotiv,,,,,,,,,,,,,,,
FALSE,"Monday, December 13, 1999",House of Blues,Chicago,Illinois,Stroke 9,Ethyline,,,,,,,,,,,,,,,,,
,"Thursday, January 20, 2000",Aragon Ballroom,Chicago,Illinois,Counting Crows,Joe 90,,,,,,,,,,,,,,,,,
FALSE,"Sunday, February 20, 2000",Aragon Ballroom,Chicago,Illinois,Smash Mouth,Luscious Jackson,22 Jacks,,,,,,,,,,,,,,,,
FALSE,"Friday, February 25, 2000",Park West,Chicago,Illinois,Gas Giants,Million Yen,Starball,,,,,,,,,,,,,,,,
TRUE,"Saturday, February 26, 2000",Riviera,Chicago,Illinois,Pretenders,Sandra Bernhardt (Comedian),,,,,,,,,,,,,,,,,
,"Tuesday, February 29, 2000",House of Blues,Chicago,Illinois,Vertical Horizon,Pet Engine,Radford,,,,,,,,,,,,,,,,
TRUE,"Friday, March 17, 2000",Riviera,Chicago,Illinois,Third Eye Blind,Tonic,,,,,,,,,,,,,,,,,
TRUE,"Saturday, March 18, 2000",Riviera,Chicago,Illinois,Third Eye Blind,Tonic,,,,,,,,,,,,,,,,,
FALSE,"Sunday, March 19, 2000",House of Blues,Chicago,Illinois,Lit,Save Ferris,22 Jacks,,,,,,,,,,,,,,,,
FALSE,"Tuesday, March 21, 2000",Metro,Chicago,Illinois,Organic,Lokomotiv,Tenki,Bound to Change,,,,,,,,,,,,,,,
,"Thursday, March 23, 2000",House of Blues Second Stage,Chicago,Illinois,After Five Live,Gas Giants,,,,,,,,,,,,,,,,,
,"Wednesday, April 5, 2000",House of Blues Second Stage,Chicago,Illinois,After Five Live,Splender,,,,,,,,,,,,,,,,,
TRUE,"Saturday, April 8, 2000",Canopy Club,Urbana,Illinois,Local H,Dovetail Joint,Then Again...,Sullen,,,,,,,,,,,,,,,
,"Sunday, April 16, 2000",Aragon Ballroom,Chicago,Illinois,Smashing Pumpkins,,,,,,,,,,,,,,,,,,
,"Saturday, April 22, 2000",Rave/Eagle's Ballroom,Milwaukee,Wisconsin,Local H,Dovetail Joint,Sullen,,,,,,,,,,,,,,,,
FALSE,"Monday, April 24, 2000",House of Blues,Chicago,Illinois,Train,Stir,,,,,,,,,,,,,,,,,
FALSE,"Tuesday, April 25, 2000",House of Blues,Chicago,Illinois,Stroke 9,Johnny Clueless,,,,,,,,,,,,,,,,,
FALSE,"Saturday, April 29, 2000",House of Blues,Chicago,Illinois,Lucky Boy's Confusion,Face First,Penny and the Loafers,,,,,,,,,,,,,,,,
,"Saturday, May 20, 2000",New World Music Theatre,Tinley Park,Illinois,Jamboree 2000,311,Third Eye Blind,Everclear,Moby,Bloodhound Gang,Long Beach Dub All Stars,Mighty Mighty Bosstones,Goldfinger,Travis,Eve 6,Suicide Machines,,,,,,,
FALSE,"Wednesday, May 24, 2000",House of Blues,Chicago,Illinois,The Flys,Mest,Left Setter,Mary Tyler Morphine,,,,,,,,,,,,,,,
TRUE,"Sunday, May 28, 2000",Wings Stadium,Kalamazoo,Michigan,Counting Crows,Cracker,,,,,,,,,,,,,,,,,
FALSE,"Thursday, June 8, 2000",Metro,Chicago,Illinois,Lucky Boy's Confusion,Plain White T's,Swizzletree,Penny and the Loafers,,,,,,,,,,,,,,,
FALSE,"Sunday, July 2, 2000",Lincoln Park Zoo,Chicago,Illinois,Sister Hazel,Stroke 9,The Nixons,Then Again...,Heaven,Hello Dave,Cathy Richardson,GB Leighton,Shaking Tree,Big Hello,,,,,,,,,
TRUE,"Sunday, July 9, 2000",Riverport Amphitheatre,Maryland Heights,Missouri,Third Eye Blind,Vertical Horizon,Splender,The KGB,,,,,,,,,,,,,,,
FALSE,"Thursday, July 18, 2000",House of Blues,Chicago,Illinois,Neve,The Slugs,Dogs Undecided,,,,,,,,,,,,,,,,
FALSE,"Wednesday, August 2, 2000",New World Music Theatre,Tinley Park,Illinois,Red Hot Chili Peppers,Stone Temple Pilots,Fishbone,,,,,,,,,,,,,,,,
FALSE,"Saturday, August 5, 2000",New World Music Theatre,Tinley Park,Illinois,Counting Crows,Live,Galactic,Peter Stuart,,,,,,,,,,,,,,,
FALSE,"Friday, August 11, 2000",New World Music Theatre,Tinley Park,Illinois,Creed,Three Doors Down,American Pearl,Mile,Dust for Life,,,,,,,,,,,,,,
TRUE,"Saturday, August 25, 2000",New World Music Theatre,Tinley Park,Illinois,Allman Brothers Band,Pat McGee Band,Mother Root,,,,,,,,,,,,,,,,
TRUE,"Thursday, September 7, 2000",Vic,Chicago,Illinois,Eve 6,OPM,Good Charlotte,,,,,,,,,,,,,,,,
FALSE,"Tuesday, September 12, 2000",Marcus Amphitheatre,Milwaukee,Wisconsin,Counting Crows,Live,Unified Theory,,,,,,,,,,,,,,,,
FALSE,"Friday, September 15, 2000",Metro,Chicago,Illinois,David Gray,Five For Fightning,,,,,,,,,,,,,,,,,
TRUE,"Tuesday, September 19, 2000",Riviera,Chicago,Illinois,Travis,Remy Zero,,,,,,,,,,,,,,,,,
TRUE,"Sunday, October 8, 2000",The Orbit Room,Grand Rapids,Michigan,"The Big ""O""",Eve 6,Vibrolush,19 Wheels,,,,,,,,,,,,,,,
TRUE,"Saturday, October 21, 2000",Metro,Chicago,Illinois,Marvelous 3,Dynamite Hack,A,,,,,,,,,,,,,,,,
FALSE,"Thursday, October 26, 2000",House of Blues,Chicago,Illinois,SR-71,Harvey Danger,Wheatus,,,,,,,,,,,,,,,,
TRUE,"Thursday, November 9, 2000",House of Blues,Chicago,Illinois,Sister Hazel,Dexter Freebish,,,,,,,,,,,,,,,,,
FALSE,"Wednesday, November 29, 2000",United Center,Chicago,Illinois,Smashing Pumpkins,,,,,,,,,,,,,,,,,,
FALSE,"Thursday, November 30, 2000",House of Blues,Chicago,Illinois,J Davis Trio,Red Elephant,Seven Day Run,,,,,,,,,,,,,,,,
FALSE,"Sunday, December 17, 2000",Metro,Chicago,Illinois,Plain White T's,Penny and the Loafers,Split Habit,Amazing Transparent Man,,,,,,,,,,,,,,,
FALSE,"Wednesday, January 23, 2001",Rave/Eagle's Ballroom,Milwaukee,Wisconsin,Green Day,The Get Up Kids,,,,,,,,,,,,,,,,,
FALSE,"Tuesday, February 27, 2001",Rave/Eagle's Ballroom,Milwaukee,Wisconsin,Eve 6,Vast,American H-Fi,,,,,,,,,,,,,,,,
TRUE,"Friday, March 2, 2001",Allstate Arena,Rosemont,Illinois,Matchbox Twenty,Everclear,Lifehouse,,,,,,,,,,,,,,,,
FALSE,"Saturday, March 3, 2001",House of Blues,Chicago,Illinois,Eve 6,Vast,American H-Fi,,,,,,,,,,,,,,,,
,"Wednesday, March 14, 2001",Vic,Chicago,Illinois,The Corrs,Cary Pierce,,,,,,,,,,,,,,,,,
FALSE,"Monday, March 26, 2001",Park West,Chicago,Illinois,Train,Five For Fighting,,,,,,,,,,,,,,,,,
FALSE,"Saturday, April 21, 2001",House of Blues,Chicago,Illinois,Collective Soul,Fastball,Swim,,,,,,,,,,,,,,,,
FALSE,"Tuesday, May 8, 2001",Metro,Chicago,Illinois,Lucky Boy's Confusion,Penny and the Loafers,Logan's Loss,,,,,,,,,,,,,,,,
TRUE,"Wednesday, May 16, 2001",United Center,Chicago,Illinois,U2,PJ Harvey,,,,,,,,,,,,,,,,,
FALSE,"Sunday, May 27, 2001",Metro,Chicago,Illinois,Plain White Ts,Penny and the Loafers,Swizzle Tree,Back Drop,Close Enough,Retro Morning,The Dog and Everything,,,,,,,,,,,,
FALSE,"Saturday, June 9, 2001",House of Blues,Chicago,Illinois,Sister Hazel,Monte Montgomery,,,,,,,,,,,,,,,,,
FALSE,"Tuesday, June 26, 2001",Metro,Chicago,Illinois,Our Lady Peace,Shades Apart,,,,,,,,,,,,,,,,,
FALSE,"Friday, July 6, 2001",Marcus Amphitheatre,Milwaukee,Wisconsin,Three Doors Down,Lifehouse,Tantric,,,,,,,,,,,,,,,,
FALSE,"Sunday, July 22, 2001",Metro,Chicago,Illinois,Plain White T's,Penny and the Loafers,Close Enough,Short Arm Trick,,,,,,,,,,,,,,,
FALSE,"Friday, August 3, 2001",Tweeter Center,Tinley Park,Illinois,Matchbox Twenty,Train,Old 97s,Peter Stuart,,,,,,,,,,,,,,,
FALSE,"Saturday, August 18, 2001",Tweeter Center,Tinley Park,Illinois,John Mellencamp,The Wallflowers,Will Hoge,,,,,,,,,,,,,,,,
FALSE,"Saturday, September 1, 2001",400 Bar,Minneapolis,Minnesota,Roger Clyne & the Peacemakers,Stephen Ashbrook,,,,,,,,,,,,,,,,,
,"Monday, September 24, 2001",House of Blues Second Stage,Chicago,Illinois,After Five Live,The Verve Pipe,,,,,,,,,,,,,,,,,
FALSE,"Wednesday, October 10, 2001",Riviera,Chicago,Illinois,Travis,Remy Zero,,,,,,,,,,,,,,,,,
FALSE,"Thursday, November 8, 2001",Congress Theatre,Chicago,Illinois,Live,Citizen Cope,,,,,,,,,,,,,,,,,
FALSE,"Friday, November 9, 2001",House of Blues,Chicago,Illinois,Lucky Boy's Confusion,Bad Ronald,River City High ,Riddlin' Kids,,,,,,,,,,,,,,,
TRUE,"Tuesday, November 13, 2001",Double Door,Chicago,Illinois,The Calling,Giant Step,Transmatic,,,,,,,,,,,,,,,,
,"Friday, December 7, 2001",Top Note Theatre,Chicago,Illinois,Remy Zero,,,,,,,,,,,,,,,,,,
FALSE,"Sunday, December 9, 2001",Vic,Chicago,Illinois,Lifehouse,Dovetail Joint,,,,,,,,,,,,,,,,,
FALSE,"Friday, January 18, 2002",Metro,Chicago,Illinois,Penny and the Loafers,The Dog and Everything,Knockout,Starstruck,,,,,,,,,,,,,,,
FALSE,"Thursday, February 21, 2002",House of Blues,Chicago,Illinois,The Dog and Everything,Penny and the Loafers,Ophur,Knuckleduster,,,,,,,,,,,,,,,
FALSE,"Thursday, April 18, 2002",Riviera,Chicago,Illinois,Pete Yorn,Elbow,,,,,,,,,,,,,,,,,
FALSE,"Saturday, April 27, 2002",Metro,Chicago,Illinois,Penny and the Loafers,Split Habit,August Premiere,Off Balance,,,,,,,,,,,,,,,
,"Friday, May 3, 2002",Metro,Chicago,Illinois,Roger Clyne & the Peacemakers,The Steepwater Band,,,,,,,,,,,,,,,,,
FALSE,"Wednesday, May 29, 2002",Riviera,Chicago,Illinois,Goo Goo Dolls,Sense Field,,,,,,,,,,,,,,,,,
TRUE,"Thursday, May 30, 2002",Double Door,Chicago,Illinois,Remy Zero,Verbow,,,,,,,,,,,,,,,,,
,"Saturday, July 27, 2002",A Finkl & Sons,Chicago,Illinois,John Mayer,Guster,Martin Sexton,,,,,,,,,,,,,,,,
,"Sunday, August 4, 2002",Riviera,Chicago,Illinois,Jimmy Eat World,Promise Ring,Recover,,,,,,,,,,,,,,,,
FALSE,"Friday, August 9, 2002",Tweeter Center,Tinley Park,Illinois,Creed,Jerry Cantrell,12 Stones,,,,,,,,,,,,,,,,
FALSE,"Saturday, August 10, 2002",Vic,Chicago,Illinois,Our Lady Peace,Audiovent,Greenwheel,,,,,,,,,,,,,,,,
FALSE,"Sunday, August 11, 2002",Tweeter Center,Tinley Park,Illinois,Jeep World Outdoor Festival,Sheryl Crow,Train,o.a.r.,Remy Shand,Silvercrush,Five for Fighting,Maroon 5,Rubyhorse,The Gabe Dixon Band,Jes Hudack,,,,,,,,
FALSE,"Thursday, August 15, 2002",Schubas,Chicago,Illinois,Brian Vander Ark,Chris Gilmartin,,,,,,,,,,,,,,,,,
FALSE,"Monday, August 19, 2002",House of Blues,Chicago,Illinois,Riddlin' Kids,The Gelheads,The Cells,,,,,,,,,,,,,,,,
FALSE,"Thursday, August 22, 2002",Tweeter Center,Tinley Park,Illinois,Goo Goo Dolls,Third Eye Blind,Vanessa Carlton,Fono,Ress,,,,,,,,,,,,,,
FALSE,"Friday, August 23, 2002",Metro,Chicago,Illinois,Roger Clyne & the Peacemakers,Harmony Riley,Cedarcase,Shurman,,,,,,,,,,,,,,,
,"Wednesday, September 25, 2002",NIU Convocation Center,DeKalb,Illinois,Counting Crows,Dishwalla,,,,,,,,,,,,,,,,,
FALSE,"Thursday, October 10, 2002",Shank Hall,Milwaukee,Wisconsin,Roger Clyne & the Peacemakers,Los Proberos,,,,,,,,,,,,,,,,,
FALSE,"Tuesday, October 15, 2002",Morris Performing Arts Center,South Bend,Indiana,Counting Crows,Graham Colton,,,,,,,,,,,,,,,,,
FALSE,"Friday, October 18, 2002",Double Door,Chicago,Illinois,Morris Minors,Magnus,The Snails,,,,,,,,,,,,,,,,
FALSE,"Monday, October 21, 2002",UIC Pavilion,Chicago,Illinois,Counting Crows,o.a.r.,Graham Colton,,,,,,,,,,,,,,,,
FALSE,"Tuesday, October 29, 2002",Park West,Chicago,Illinois,Vanessa Carlton,Ben Lee,,,,,,,,,,,,,,,,,
FALSE,"Saturday, November 16, 2002",Double Door,Chicago,Illinois,Wheat,Verbow,Tracer,Geoff Sabin,,,,,,,,,,,,,,,
FALSE,"Saturday, November 23, 2002",House of Blues,Chicago,Illinois,The Wallflowers,Ours,,,,,,,,,,,,,,,,,
FALSE,"Friday, November 29, 2002",Riverside Theatre,Milwaukee,Wisconsin,Counting Crows,Uncle Kracker,,,,,,,,,,,,,,,,,
FALSE,"Tuesday, February 18, 2003",Vic,Chicago,Illinois,Toad the Wet Sprockett,Wheat,Bleu,,,,,,,,,,,,,,,,
TRUE,"Friday, February 21, 2003",Abbey Pub,Chicago,Illinois,Fastball,Butch Walker,,,,,,,,,,,,,,,,,
FALSE,"Thursday, March 27, 2003",Shank Hall,Milwaukee,Wisconsin,Roger Clyne,Bree Sharp,,,,,,,,,,,,,,,,,
FALSE,"Thursday, April 3, 2003",Riviera,Chicago,Illinois,Everclear,Exies,Longshot,,,,,,,,,,,,,,,,
FALSE,"Sunday, April 27, 2003",Metro,Chicago,Illinois,PXL,Swizzle Tree,Full Range,AMICI,,,,,,,,,,,,,,,
FALSE,"Thursday, May 15, 2003",Abbey Pub,Chicago,Illinois,Butch Walker,Brian Vander Ark,Empreyaen,,,,,,,,,,,,,,,,
TRUE,"Saturday, June 28, 2003",Tweeter Center,Tinley Park,Illinois,Peter Gabriel,Severa Nazarkhan,,,,,,,,,,,,,,,,,
FALSE,"Thursday, October 9, 2003",Double Door,Chicago,Illinois,Eve 6,,,,,,,,,,,,,,,,,,
FALSE,"Friday, February 13, 2004",Fine Line Music Café,Minneapolis,Minnesota,Roger Clyne & the Peacemakers,Scott Laurent,,,,,,,,,,,,,,,,,
TRUE,"Sunday, July 4, 2004",Grant Park,Chicago,Illinois,Taste of Chicago,Counting Crows,,,,,,,,,,,,,,,,,
FALSE,"Friday, July 16, 2004",House of Blues,Chicago,Illinois,Counting Crows,Graham Colton Band,Jem,,,,,,,,,,,,,,,,
FALSE,"Sunday, July 18, 2004",Tweeter Center,Chicago,Illinois,Sting,Annie Lennox,Dominick Miller,,,,,,,,,,,,,,,,
FALSE,"Saturday, August 7, 2004",Abbey Pub,Chicago,Illinois,Butch Walker,American Hi-Fi,Val Emmich,,,,,,,,,,,,,,,,
FALSE,"Monday, November 8, 2004",UIC Pavilion,Chicago,Illinois,Green Day,New Found Glory,Sugarcult,,,,,,,,,,,,,,,,
FALSE,"Tuesday, November 16, 2004",House of Blues,Chicago,Illinois,Everclear,,,,,,,,,,,,,,,,,,
FALSE,"Thursday, May 3, 2005",WTTW Grainger Studio,Chicago,Illinois,Soundstage,The Wallflowers,,,,,,,,,,,,,,,,,
FALSE,"Sunday, October 2, 2005",Vic,Chicago,Illinois,Our Lady Peace,,,,,,,,,,,,,,,,,,
FALSE,"Monday, November 14, 2005",Metro,Chicago,Illinois,Butch Walker,,,,,,,,,,,,,,,,,,
TRUE,"Thursday, February 16, 2006",Rave/Eagle's Ballroom,Milwaukee,Wisconsin,Motion City Soundtrack,OK Go,The Spill Canvas,Plain White T's,,,,,,,,,,,,,,,
TRUE,"Saturday, March 25, 2006",House of Blues,Chicago,Illinois,The Academy is…,Panic! at the Disco,Acceptance,hellogoodbye,,,,,,,,,,,,,,,
TRUE,"Saturday, April 1, 2006",Riviera,Chicago,Illinois,Motion City Soundtrack,The Format,The Matches,"Men, Women & Children",,,,,,,,,,,,,,,
FALSE,"Tuesday, May 16, 2006",Vic,Chicago,Illinois,Live,,,,,,,,,,,,,,,,,,
FALSE,"Friday, June 23, 2006",Lincoln Park Zoo,Chicago,Illinois,Gin Blossoms,Kyle Ortt,,,,,,,,,,,,,,,,,
FALSE,"Friday, July 28, 2006",Lincoln Park Zoo,Chicago,Illinois,Collective Soul,Treaty of Paris,,,,,,,,,,,,,,,,,
FALSE,"Sunday, July 30, 2006",First Midwest Bank Amphitheatre,Tinley Park,Illinois,Warped Tour '06,NOFX,Against Me,Junior Varsity,The Early November,Zebrahead,Adair,The Academy is…,Less Than Jake,Motion City Soundtrack,The Living End,Senses Fail,hellogoodbye,Saves the Day,Gym Class Heroes,,,,
,"Wednesday, August 2, 2006",Metro,Chicago,Illinois,Butch Walker & the Lets Go Out Tonites,,,,,,,,,,,,,,,,,,
FALSE,"Friday, August 18, 2006",First Midwest Bank Amphitheatre,Tinley Park,Illinois,Counting Crows,Goo Goo Dolls,Eliot Morris,Last Conservative,,,,,,,,,,,,,,,
FALSE,"Thursday, August 24, 2006",House of Blues,Chicago,Illinois,Third Eye Blind,Bandcamp,,,,,,,,,,,,,,,,,
FALSE,"Friday, August 25, 2006",Tweeter Center at the Waterfront,Camden,New Jersey,Counting Crows,Goo Goo Dolls,,,,,,,,,,,,,,,,,
TRUE,"Saturday, August 26, 2006",Nissan Pavillion,Bristow,Virginia,Counting Crows,Goo Goo Dolls,,,,,,,,,,,,,,,,,
FALSE,"Sunday, August 27, 2006",House of Blues,Chicago,Illinois,Third Eye Blind,Bandcamp,,,,,,,,,,,,,,,,,
FALSE,"Sunday, September 3, 2006",Rotary Hill,Naperville,Illinois,Collective Soul,Josh Kelley,,,,,,,,,,,,,,,,,
FALSE,"Friday, September 15, 2006",Charter One Pavilion at Northerly Island,Chicago,Illinois,Tom Petty,The Strokes,,,,,,,,,,,,,,,,,
FALSE,"Friday, September 29, 2006",First Midwest Bank Amphitheatre,Tinley Park,Illinois,Roger Waters,,,,,,,,,,,,,,,,,,
FALSE,"Saturday, December 16, 2006",House of Blues,Chicago,Illinois,Better Than Ezra,Graham Colton,,,,,,,,,,,,,,,,,
TRUE,"Thursday, January 25, 2007",Metro,Chicago,Illinois,Augustana,Vega 4,,,,,,,,,,,,,,,,,
FALSE,"Tuesday, March 6, 2007",House of Blues,Chicago,Illinois,Jack's Mannequin,The Audition,,,,,,,,,,,,,,,,,
TRUE,"Monday, April 2, 2007",Aragon Ballroom,Chicago,Illinois,Snow Patrol,OK Go,,,,,,,,,,,,,,,,,
TRUE,"Thursday, April 5, 2007",Rave/Eagle's Ballroom,Milwaukee,Wisconsin,Snow Patrol,OK Go,,,,,,,,,,,,,,,,,
FALSE,"Tuesday, April 10, 2007",House of Blues,Chicago,Illinois,Butch Walker,,,,,,,,,,,,,,,,,,
TRUE,"Sunday, April 15, 2007",Bradley Field House,Peoria,Illinois,Motion City Soundtrack,Treaty of Paris,,,,,,,,,,,,,,,,,
FALSE,"Tuesday, April 17, 2007",Loyola Gentile Center,Chicago,Illinois,Motion City Soundtrack,,,,,,,,,,,,,,,,,,
TRUE,"Friday, May 4, 2007",Joe's,Chicago,Illinois,Roger Clyne & the Peacemakers,,,,,,,,,,,,,,,,,,
FALSE,"Thursday, June 14, 2007",Charter One Pavilion at Northerly Island,Chicago,Illinois,The Fray,OK Go,,,,,,,,,,,,,,,,,
FALSE,"Thursday, July 5, 2007",Wrigley Field,Chicago,Illinois,The Police,Fiction Plane,,,,,,,,,,,,,,,,,
FALSE,"Tuesday, July 24, 2007",Classic Park,Eastlake,Ohio,Counting Crows,Live,,,,,,,,,,,,,,,,,
FALSE,"Saturday, July 28, 2007",Toyota Park,Bridgeview,Illinois,Crossroads Guitar Festival,Buddy Guy,Eric Clapton,Steve Winwood,Buddy Robinson,Jeff Beck,Los Lobos,Vince Gill,Sheryl Crow,Willie Nelson,John Mayer,Robert Cray,Hubert Someone,BB King,Robert Randolph & the Family Band,Derek Trucks Band,Johnnie Winter,Doyle Bramhall II,Alison Krausse & Union Station
FALSE,"Friday, August 3, 2007",Louisville Slugger Field,Louisville,Kentucky,Counting Crows,Live,Collective Soul,,,,,,,,,,,,,,,,
FALSE,"Saturday, August 4, 2007",Victory Field,Indianapolis,Indiana,Counting Crows,Live,Collective Soul,,,,,,,,,,,,,,,,
FALSE,"Friday, August 10, 2007",Harrah's Hidden Cove,Council Bluff,Iowa,Third Eye Blind,Thunderkatz,,,,,,,,,,,,,,,,,
FALSE,"Saturday, August 11, 2007",Principal Park,Des Moines,Iowa,Counting Crows,Third Eye Blind,Collective Soul,,,,,,,,,,,,,,,,
FALSE,"Friday, October 12, 2007",Riviera,Chicago,Illinois,Spoon,,,,,,,,,,,,,,,,,,
FALSE,"Wednesday, October 24, 2007",Congress Theatre,Chicago,Illinois,Say Anything,Hellogoodbye,,,,,,,,,,,,,,,,,
FALSE,"Wednesday, November 7, 2007",Park West,Chicago,Illinois,The Wallflowers,,,,,,,,,,,,,,,,,,
FALSE,"Thursday, November 15, 2007",Riviera,Chicago,Illinois,Jimmy Eat World,Viva Volce,,,,,,,,,,,,,,,,,
FALSE,"Sunday, November 18, 2007",Park West,Chicago,Illinois,Vanessa Carlton,Graham Colton,,,,,,,,,,,,,,,,,
FALSE,"Friday, December 28, 2007",House of Blues,Chicago,Illinois,Sister Hazel,The Alternate Routes,,,,,,,,,,,,,,,,,
TRUE,"Friday, February 1, 2008",Ram's Head Live,Baltimore,Maryland,Adam Duritz with Dave Gibbs,The Flood,,,,,,,,,,,,,,,,,
FALSE,"Friday, February 8, 2008",Double Door,Chicago,Illinois,Will Hoge,Jason Isbell and the 400 Unit,someone with a girl,,,,,,,,,,,,,,,,
FALSE,"Friday, April 4, 2008",Vic,Chicago,Illinois,Spoon,The Walkmen,White Rabbits,,,,,,,,,,,,,,,,
TRUE,"Sunday, April 6, 2008",Metro,Chicago,Illinois,Vampire Weekend,Yacht,,,,,,,,,,,,,,,,,
FALSE,"Tuesday, April 8, 2008",WTTW Grainger Studio,Chicago,Illinois,Soundstage,Counting Crows,Matt White,,,,,,,,,,,,,,,,
TRUE,"Wednesday, April 9, 2008",Loyola Gentile Center,Chicago,Illinois,Third Eye Blind,,,,,,,,,,,,,,,,,,
FALSE,"Thursday, April 10, 2008",Riviera,Chicago,Illinois,Counting Crows,Wild Sweet Orange,,,,,,,,,,,,,,,,,
FALSE,"Saturday, April 12, 2008",(Carthage College),Kenosha,Wisconsin,Counting Crows,Wild Sweet Orange,,,,,,,,,,,,,,,,,
FALSE,"Friday, April 18, 2008",Kathy's House (neighborhood),Chicago,Illinois,Eliot Morris,,,,,,,,,,,,,,,,,,
FALSE,"Saturday, April 19, 2008",Allstate Arena,Rosemont,Illinois,Santana,Derek Trucks Band,,,,,,,,,,,,,,,,,
TRUE,"Wednesday, April 23, 2008",Reggie's,Chicago,Illinois,As Tall As Lions,1997,Empires,The Felix Culpa,,,,,,,,,,,,,,,
FALSE,"Tuesday, May 13, 2008",Metro,Chicago,Illinois,Augustana,Wild Sweet Orange,David Ford,,,,,,,,,,,,,,,,
FALSE,"Friday, May 16, 2008",Double Door,Chicago,Illinois,Sponge,One Night Love Child,Team Rockit,Textbook,,,,,,,,,,,,,,,
TRUE,"Thursday, May 22, 2008",Charter One Pavilion at Northerly Island,Chicago,Illinois,Stone Temple Pilots,marching band,,,,,,,,,,,,,,,,,
TRUE,"Friday, May 23, 2008",Congress Theatre,Chicago,Illinois,Honda Civic Tour,Panic at the Disco,Motion City Soundtrack,The Hush Sound,Phantom Planet,,,,,,,,,,,,,,
FALSE,"Tuesday, June 3, 2008",Jay Pritzker Pavilion at Millenium Park,Chicago,Illinois,Death Cab for Cutie,Rogue Wave,,,,,,,,,,,,,,,,,
TRUE,"Tuesday, July 22, 2008",United Center,Chicago,Illinois,Coldplay,Santigold,,,,,,,,,,,,,,,,,
TRUE,"Friday, August 8, 2008",Southside Works,Pittsburgh,Pennsylvania,New American Music Union,The Roots,The Black Keys,Nasa,Tiny Masters of Today,,,,,,,,,,,,,,
TRUE,"Saturday, August 9, 2008",Southside Works,Pittsburgh,Pennsylvania,New American Music Union,Bob Dylan and His Band,The Raconteurs,Spoon,Gnarls Barkley,Black Mountain,The Flying Machines,The Steps,The Duke Spirit,My Dear Disco,Royal Bangs,The Depreciation Guild,The Delicious,Magic Bullets,Nothing Unexpected,The Black Fortys,,,
FALSE,"Thursday, August 21, 2008",Auditorium Theatre,Chicago,Illinois,Eddie Vedder,Liam Finn,,,,,,,,,,,,,,,,,
FALSE,"Friday, August 22, 2008",First Midwest Bank Amphitheatre,Tinley Park,Illinois,Counting Crows,Maroon 5,Sarah Baraleis,,,,,,,,,,,,,,,,
FALSE,"Sunday, October 5, 2008",Schubas,Chicago,Illinois,Wild Sweet Orange,,,,,,,,,,,,,,,,,,
FALSE,"Wednesday, October 8, 2008",Chicago Theatre,Chicago,Illinois,Joe Satriani,Mountain,,,,,,,,,,,,,,,,,
FALSE,"Friday, October 10, 2008",Riviera,Chicago,Illinois,Death Cab for Cutie,So Many Dynamos,,,,,,,,,,,,,,,,,
FALSE,"Saturday, October 11, 2008",Resch Center,Green Bay,Wisconsin,OKOBOS Music Festival,Death Cab for Cutie,M Ward,Ingrid Michaelson,Ben Folds,Jewel,The Boys Choir of Kenya,,,,,,,,,,,,
FALSE,"Saturday, November 1, 2008",Beat Kitchen,Chicago,Illinois,Cavashawn,The Insecurities,,,,,,,,,,,,,,,,,
FALSE,"Friday, December 12, 2008",Allstate Arena,Rosemont,Illinois,Oasis,Ryan Adams and the Cardinals,,,,,,,,,,,,,,,,,
TRUE,"Thursday, January 15, 2009",House of Blues,Chicago,Illinois,The Hold Steady,Tom Morrello,,,,,,,,,,,,,,,,,
TRUE,"Saturday, February 28, 2009",Metro,Chicago,Illinois,Jimmy Eat World,Reuben's Accomplice,,,,,,,,,,,,,,,,,
TRUE,"Tuesday, March 10, 2009",House of Blues,Chicago,Illinois,Butch Walker,The Films,,,,,,,,,,,,,,,,,
FALSE,"Friday, April 17, 2009",Aragon Ballroom,Chicago,Illinois,Death Cab for Cutie,Cold War Kids,,,,,,,,,,,,,,,,,
FALSE,"Monday, April 20, 2009",Metro,Chicago,Illinois,Alkaline Trio,Saves the Day,,,,,,,,,,,,,,,,,
TRUE,"Friday, May 29, 2009",Riviera,Chicago,Illinois,Third Eye Blind,Low vs Diamond,,,,,,,,,,,,,,,,,
TRUE,"Saturday, June 20, 2009",Orpheum Theatre,Memphis,Tennessee,Eddie Vedder,Liam Finn,,,,,,,,,,,,,,,,,
TRUE,"Tuesday, June 23, 2009",Schubas,Chicago,Illinois,Eddie Koalyczyk,,,,,,,,,,,,,,,,,,
TRUE,"Sunday, June 28, 2009",First Midwest Bank Amphitheatre,Tinley Park,Illinois,The Fray,Jack's Mannequin,Richard Swift,,,,,,,,,,,,,,,,
FALSE,"Tuesday, July 7, 2009",The Intersection,Grand Rapids,Michigan,Augustana,,,,,,,,,,,,,,,,,,
FALSE,"Wednesday, July 8, 2009",Meadow Brook Music Festival,Rochester Hills,Michigan,Counting Crows with Augustana,Augustana,,,,,,,,,,,,,,,,,
FALSE,"Friday, July 10, 2009",Madison Street & Des Plaines Street,Chicago,Illinois,World's Biggest Block Party,Gavin Degraw,Collective Soul,,,,,,,,,,,,,,,,
FALSE,"Sunday, July 19, 2009",Bottom Lounge,Chicago,Illinois,Frightened Rabbit,Headlights,,,,,,,,,,,,,,,,,
TRUE,"Wednesday, July 29, 2009",Red Rocks Amphitheatre,Morrison,Colorado,The Traveling Circus & Medicine Show,Counting Crows with Augustana,,,,,,,,,,,,,,,,,
FALSE,"Saturday, August 1, 2009",Double Door,Chicago,Illinois,City Riots,Luster,,,,,,,,,,,,,,,,,
FALSE,"Friday, August 7, 2009",Grant Park,Chicago,Illinois,Lollapalooza '09,Kings of Leon,of Montreal,Thievery Corporation,Asher Roth,Fleet Foxes,Ben Folds,Bon Iver,The Gaslight Anthem,Manchester Orchestra,Hockey,,,,,,,,
FALSE,"Saturday, August 8, 2009",Grant Park,Chicago,Illinois,Lollapalooza '09,Yeah Yeah Yeahs,Ben Harper and the Relentless7,TV on the Radio,Santigold,Blind Pilot,Gomez,Atmosphere,Quinn Sullivan,Delta Spirit,Ezra Furman and the Harpoons,,,,,,,,
FALSE,"Sunday, August 9, 2009",Grant Park,Chicago,Illinois,Lollapalooza '09,The Killers,Silversun Pickups,Snoop Dogg,Cold War Kids,Vampire Weekend,Dan Deacon,The Airborne Toxic Event,Cage the Elephant,Ra Ra Riot,Alberta Cross,,,,,,,,
FALSE,"Tuesday, August 11, 2009",Ryman Auditorium,Nashville,Tennessee,The Traveling Circus & Medicine Show,Counting Crows with Augustana and Michael Franti & Spearhead,,,,,,,,,,,,,,,,,
FALSE,"Wednesday, August 12, 2009",Chastain Park Amphitheatre,Atlanta,Georgia,The Traveling Circus & Medicine Show,Counting Crows with Augustana and Michael Franti & Spearhead,,,,,,,,,,,,,,,,,
TRUE,"Wednesday, August 19, 2009",Schubas,Chicago,Illinois,Green River Ordinance,The Insecurities,,,,,,,,,,,,,,,,,
FALSE,"Saturday, August 22, 2009",The Vic,Chicago,Illinois,Our Lady Peace,Meese,,,,,,,,,,,,,,,,,
FALSE,"Sunday, August 23, 2009",United Center,Chicago,Illinois,Pearl Jam,Bad Religion,,,,,,,,,,,,,,,,,
FALSE,"Wednesday, September 17, 2009",Schubas,Chicago,Illinois,Ra Ra Riot,Princeton,,,,,,,,,,,,,,,,,
TRUE,"Wednesday, October 7, 2009",Lakeshore Theatre,Chicago,Illinois,Andrew McMahon,,,,,,,,,,,,,,,,,,
FALSE,"Thursday, October 8, 2009",Elbo Room,Chicago,Illinois,Karl Rorvik and the Crafty Bastards,Mad Watch,Nadafinga,,,,,,,,,,,,,,,,
FALSE,"Monday, October 26, 2009",Lincoln Hall,Chicago,Illinois,Ben Gibbard & Jay Farrar,,,,,,,,,,,,,,,,,,
FALSE,"Wednesday, October 28, 2009",Double Door,Chicago,Illinois,The Gaslight Anthem,Murder by Death,The Loved Ones,,,,,,,,,,,,,,,,
FALSE,"Friday, October 30, 2009",Empty Bottle,Chicago,Illinois,Thao & the Get Down Stay Down,Portland Cello Project,David Schultz & the Skyline,,,,,,,,,,,,,,,,
FALSE,"Friday, November 20, 2009",Schubas,Chicago,Illinois,Graham Colton,Dick Prall,,,,,,,,,,,,,,,,,
FALSE,"Wednesday, November 25, 2009",Lincoln Hall,Chicago,Illinois,Blind Pilot,Laura Veirs & the Hall of Flames,Mimicking Birds,,,,,,,,,,,,,,,,
FALSE,"Tuesday, December 1, 2009",Aragon Ballroom,Chicago,Illinois,Weezer,Motion City Soundtrack,Jack’s Mannequin,,,,,,,,,,,,,,,,
FALSE,"Saturday, December 12, 2009",House of Blues,Chicago,Illinois,Better Than Ezra,Vedera,,,,,,,,,,,,,,,,,
FALSE,"Thursday, December 17, 2009",Cubby Bear,Chicago,Illinois,Our Lady Peace,Model Stranger,,,,,,,,,,,,,,,,,
FALSE,"Friday, December 18, 2009",Lincoln Hall,Chicago,Illinois,Motion City Soundtrack - I Am the Movie,Ultimate Fakebook,,,,,,,,,,,,,,,,,
FALSE,"Saturday, December 19, 2009",Lincoln Hall,Chicago,Illinois,Motion City Soundtrack - Commit This to Memory,Ultimate Fakebook,,,,,,,,,,,,,,,,,
FALSE,"Sunday, December 20, 2009",Lincoln Hall,Chicago,Illinois,Motion City Soundtrack - Even If It Kills Me,Ultimate Fakebook,,,,,,,,,,,,,,,,,
TRUE,"Saturday, January 30, 2010",The Vic,Chicago,Illinois,Cold War Kids,Flashy Python,,,,,,,,,,,,,,,,,
TRUE,"Monday, February 22, 2010",House of Blues,Chicago,Illinois,Jack’s Mannequin,fun.,Vedera,,,,,,,,,,,,,,,,
TRUE,"Tuesday, February 23, 2010",House of Blues,Chicago,Illinois,Jack’s Mannequin,,,,,,,,,,,,,,,,,,
FALSE,"Tuesday, March 23, 2010",Metro,Chicago,Illinois,Manchester Orchestra,,,,,,,,,,,,,,,,,,
TRUE,"Thursday, April 1, 2010",Aragon Ballroom,Chicago,Illinois,Spoon,Deerhunter,,,,,,,,,,,,,,,,,
FALSE,"Wednesday, April 7, 2010",House of Blues,Chicago,Illinois,Motion City Soundtrack,fun.,,,,,,,,,,,,,,,,,
FALSE,"Monday, April 12, 2010",Lincoln Hall,Chicago,Illinois,The Morning Benders,Miniature Tigers,,,,,,,,,,,,,,,,,
TRUE,"Friday, April 16, 2010",Metro,Chicago,Illinois,Dr Dog,Sean Bones,,,,,,,,,,,,,,,,,
FALSE,"Saturday, April 17, 2010",Lincoln Hall,Chicago,Illinois,Rogue Wave,,,,,,,,,,,,,,,,,,
TRUE,"Saturday, April 24, 2010",Rubloff Auditorium,Chicago,Illinois,Natalie Merchant,,,,,,,,,,,,,,,,,,
FALSE,"Thursday, April 29, 2010",Waldron County Fairgrounds,Elkhorn,Wisconsin,Daytrotter Barnraiser III,Delta Spirit,Ra Ra Riot,Free Energy,Nathaniel Rateliff,Pearly Gate Music,,,,,,,,,,,,,
FALSE,"Thursday, May 6, 2010",Schubas,Chicago,Illinois,Everybody was in the French Resistance... Now!,Team Band,Chaperones,,,,,,,,,,,,,,,,
TRUE,"Saturday, May 8, 2010",Metro,Chicago,Illinois,Frightened Rabbit,Maps & Atlases,Our Brother the Native,,,,,,,,,,,,,,,,
TRUE,"Sunday, May 9, 2010",House of Blues,Chicago,Illinois,Butch Walker & the Black Widows,,,,,,,,,,,,,,,,,,
FALSE,"Saturday, June 5, 2010",Maier Festival Park Summerfest Grounds,Milwaukee,Wisconsin,Verge Fest,Rogue Wave,AFI,Jaill,Cold War Kids,Geri X,Manchester Orchestra,,,,,,,,,,,,
FALSE,"Sunday, June 13, 2010",Ravinia,Highland Park,Illinois,Sheryl Crow,Colby Callet,,,,,,,,,,,,,,,,,
FALSE,"Saturday, June 19, 2010",Metro,Chicago,Illinois,Delta Spirit,Ezra Furman & the Harpoons,The Romany Rye,,,,,,,,,,,,,,,,
FALSE,"Saturday, June 26, 2010",Toyota Park,Bridgeview,Illinois,Crossroads Guitar Festival,BB King,Eric Clapton with Steve Winwood,Jeff Beck,Derek Trucks with Susan Tedeschi,,,,,,,,,,,,,,
TRUE,"Monday, June 28, 2010",Lincoln Hall,Chicago,Illinois,Thao and Mirah,These United States,,,,,,,,,,,,,,,,,
FALSE,"Thursday, July 22, 2010",Chicago Theatre,Chicago,Illinois,Natalie Merchant,,,,,,,,,,,,,,,,,,
FALSE,"Friday, August 6, 2010",Grant Park,Chicago,Illinois,Lollapalooza ’10,The Strokes,Jimmy Cliff,The Black Keys,The Dirty Projectors,The New Pornographers,Drive-By Truckers,Jukebox the Ghost,The Walkmen,The Ettes,Wavves,Foxy Shazam,These United States,,,,,,
FALSE,"Saturday, August 7, 2010",Grant Park,Chicago,Illinois,Lollapalooza ’10,Phoenix,Green Day,Slightly Stoopid,Spoon,Metric,Deer Tick,Royal Bangs,Dawes,The XX,Against Me!,Blues Traveler,Rogue Wave,Rebelution,The Morning Benders,Mimicking Birds,,,
FALSE,"Sunday, August 8, 2010",Grant Park,Chicago,Illinois,Lollapalooza ’10,Arcade Fire,Soundgarden,Cypress Hill,The Temper Trap,MGMT,Frightened Rabbit,Perry Farrell,Hockey,Mumford & Sons,Blitzen Trapper,The Dodos,The Antlers,,,,,,
FALSE,"Friday, August 20, 2010",Charter One Pavilion at Northerly Island,Chicago,Illinois,Stone Temple Pilots,Cage the Elephant,Fang Island,,,,,,,,,,,,,,,,
FALSE,"Saturday, September 4, 2010",Union Park,Chicago,Illinois,North Coast Music Festival ’10,Umphree’s McGee,Moby,De La Soul,Jay Electronica,The New Deal,Grace Potter & the Nocturnals,Strange Arrangement,Van Ghost,New Mastersounds,,,,,,,,,
FALSE,"Sunday, September 12, 2010",Elbo Room,Chicago,Illinois,Nick Coury,Looking Daggers,,,,,,,,,,,,,,,,,
FALSE,"Thursday, September 23, 2010",Schubas,Chicago,Illinois,These United States,Juniper Tar,,,,,,,,,,,,,,,,,
FALSE,"Saturday, September 25, 2010",Cubby Bear,Chicago,Illinois,Spacehog,Holding Mercury,The Maybenauts,Luke Rathborne,,,,,,,,,,,,,,,
FALSE,"Sunday, September 26, 2010",The Hideout,Chicago,Illinois,Royal Bangs,,,,,,,,,,,,,,,,,,
FALSE,"Thursday, October 5, 2010",Riviera,Chicago,Illinois,Jimmy Eat World,,,,,,,,,,,,,,,,,,
FALSE,"Saturday, October 30, 2010",House of Blues,Chicago,Illinois,Motion City Soundtrack,Saves the Day,Valencia,,,,,,,,,,,,,,,,
FALSE,"Saturday, October 30, 2010",Lincoln Hall,Chicago,Illinois,The Morning Benders,,,,,,,,,,,,,,,,,,
FALSE,"Friday, November 26, 2010",Bottom Lounge,Chicago,Illinois,Matt Skiba,,,,,,,,,,,,,,,,,,
FALSE,"Saturday, December 4, 2010",Metro,Chicago,Illinois,Delta Spirit,,,,,,,,,,,,,,,,,,
FALSE,"Friday, December 29, 2010",Double Door,Chicago,Illinois,Songs from a Scene 10th Anniversary,Lucky Boy's Confusion,Penny and the Loafers,,,,,,,,,,,,,,,,
FALSE,"Friday, March 11, 2011",Riviera,Chicago,Illinois,Cold War Kids,,,,,,,,,,,,,,,,,,
FALSE,"Saturday, April 16, 2011",Empty Bottle,Chicago,Illinois,Royal Bangs,ANR,,,,,,,,,,,,,,,,,
FALSE,"Thursday, April 21, 2011",House of Blues,Chicago,Illinois,Counting Crows,,,,,,,,,,,,,,,,,,
FALSE,"Friday, April 22, 2011",UIC Pavilion,Chicago,Illinois,Arcade Fire,The National,,,,,,,,,,,,,,,,,
TRUE,"Monday, May 16, 2011",The Vic,Chicago,Illinois,Paul Simon,,,,,,,,,,,,,,,,,,
TRUE,"Tuesday, May 17, 2011",Chicago Theatre,Chicago,Illinois,Paul Simon,,,,,,,,,,,,,,,,,,
TRUE,"Wednesday, May 18, 2011",Riviera,Chicago,Illinois,The Cars,,,,,,,,,,,,,,,,,,
FALSE,"Friday, May 20, 2011",Metro,Chicago,Illinois,Death Cab for Cutie,The Lonely Forest,,,,,,,,,,,,,,,,,
FALSE,"Friday, June 3, 2011",Empty Bottle,Chicago,Illinois,Thao and Mirah,,,,,,,,,,,,,,,,,,
FALSE,"Sunday, June 5, 2011",Division Avenue & Damen,Chicago,Illinois,Do Division Street Festival,Royal Bangs,,,,,,,,,,,,,,,,,
FALSE,"Sunday, June 19, 2011",Schubas,Chicago,Illinois,Farewell Continental,Wilson,,,,,,,,,,,,,,,,,
FALSE,"Tuesday, June 28, 2011",Chicago Theatre,Chicago,Illinois,Eddie Vedder,Glen Hansard,,,,,,,,,,,,,,,,,
FALSE,"Tuesday, July 5, 2011",Soldier Field,Chicago,Illinois,U2,Interpol,,,,,,,,,,,,,,,,,
FALSE,"Monday, August 1, 2011",Wrigley Field,Chicago,Illinois,Paul McCartney,,,,,,,,,,,,,,,,,,
FALSE,"Thursday, August 4, 2011",Lincoln Hall,Chicago,Illinois,Delta Spirit,,,,,,,,,,,,,,,,,,
FALSE,"Friday, August 5, 2011",Grant Park,Chicago,Illinois,Lollapalooza ’11,Muse,Coldplay,OK Go,Bright Eyes,Skillrex,Two Door Cinema Club,White Lies,Foster the People,Delta Spirit,Young the Giant,,,,,,,,
FALSE,"Friday, August 5, 2011",Lincoln Hall,Chicago,Illinois,Local Natives,Walk the Moon,,,,,,,,,,,,,,,,,
FALSE,"Saturday, August 6, 2011",Grant Park,Chicago,Illinois,Lollapalooza ’11,Eminem,My Morning Jacket,Atmosphere,Cee Lo Green,Local Natives,The Drums,Big Audio Dynamite,Mayer Hawthorne & The County,Dom,The Chain Gang of 1974,Fitz & the Tantrums,Maps & Atlases,,,,,,
FALSE,"Sunday, August 7, 2011",Grant Park,Chicago,Illinois,Lollapalooza ’11,Foo Fighters,Kid Cudi,Manchester Orchestra,Damian ‘Jr Gong’ Marley & Nas,Cage the Elephant,Flogging Molly,The Cars,Dale Earnhardt Jr Jr,,,,,,,,,,
FALSE,"Sunday, August 20, 2011",First Midwest Bank Amphitheatre,Tinley Park,Illinois,Honda Civic Tour,Blink 182,My Chemical Romance,,,,,,,,,,,,,,,,
FALSE,"Thursday, August 25, 2011",UIC Pavilion,Chicago,Illinois,Death Cab for Cutie,Frightened Rabbit,,,,,,,,,,,,,,,,,
FALSE,"Saturday, September 3, 2011",Alpine Valley,East Troy,Wisconsin,Pearl Jam,The Strokes,Queens of the Stone Age,Mudhoney,,,,,,,,,,,,,,,
FALSE,"Friday, September 23, 2011",St Andrew’s Hall,Detroit,Michigan,4 Albums/2 Nites:  Motion City Soundtrack,,,,,,,,,,,,,,,,,,
FALSE,"Saturday, September 24, 2011",St Andrew’s Hall,Detroit,Michigan,4 Albums/2 Nites:  Motion City Soundtrack,,,,,,,,,,,,,,,,,,
FALSE,"Wednesday, October 5, 2011",The Vic,Chicago,Illinois,Foster the People,,,,,,,,,,,,,,,,,,
FALSE,"Friday, October 28, 2011",Chicago Theatre,Chicago,Illinois,Widespread Panic,,,,,,,,,,,,,,,,,,
FALSE,"Saturday, October 29, 2011",Schubas,Chicago,Illinois,These United States,,,,,,,,,,,,,,,,,,
FALSE,"Sunday, November 13, 2011",Park West,Chicago,Illinois,Blind Pilot,,,,,,,,,,,,,,,,,,
FALSE,"Saturday, January 21, 2012",Lincoln Hall,Chicago,Illinois,The Lifeline,someone crappy,Liquid Hot Magma,,,,,,,,,,,,,,,,
FALSE,"Wednesday, January 25, 2012",House of Blues,Chicago,Illinois,Jack’s Mannequin,,,,,,,,,,,,,,,,,,
TRUE,"Saturday, January 28, 2012",Park West,Chicago,Illinois,Augustana,,,,,,,,,,,,,,,,,,
TRUE,"Saturday, February 18, 2012",Riviera,Chicago,Illinois,moe.,,,,,,,,,,,,,,,,,,
TRUE,"Friday, March 2, 2012",Plush,St Louis,Missouri,Blind Pilot,,,,,,,,,,,,,,,,,,
FALSE,"Friday, March 9, 2012",Schubas,Chicago,Illinois,Roger Clyne,,,,,,,,,,,,,,,,,,
FALSE,"Friday, March 23, 2012",Metro,Chicago,Illinois,Delta Spirit,,,,,,,,,,,,,,,,,,
FALSE,"Saturday, March 24, 2012",Lincoln Hall,Chicago,Illinois,The Temper Trap,,,,,,,,,,,,,,,,,,
FALSE,"Friday, April 6, 2012",Cubby Bear,Chicago,Illinois,Eve 6,,,,,,,,,,,,,,,,,,
FALSE,"Sunday, April 8, 2012",Subterranean,Chicago,Illinois,Our Lady Peace,,,,,,,,,,,,,,,,,,
FALSE,"Sunday, April 8, 2012",Metro,Chicago,Illinois,White Rabbits,,,,,,,,,,,,,,,,,,
FALSE,"Friday, April 13, 2012",Metro,Chicago,Illinois,Trampled by Turtles,These United States,,,,,,,,,,,,,,,,,
FALSE,"Saturday, April 14, 2012",The Vic,Chicago,Illinois,Fun.,,,,,,,,,,,,,,,,,,
FALSE,"Sunday, April 22, 2012",Riviera,Chicago,Illinois,Counting Crows,,,,,,,,,,,,,,,,,,
FALSE,"Thursday, May 10, 2012",Township,Chicago,Illinois,Royal Bangs,Heavy Times,,,,,,,,,,,,,,,,,
FALSE,"Saturday, June 2, 2012",Sheffield & Addison,Chicago,Illinois,Sausage Fest ’12,The Polka Dots,Treaty of Paris,Liquid Hot Magma,,,,,,,,,,,,,,,
FALSE,"Saturday, June 2, 2012",Lincoln Hall,Chicago,Illinois,Margot & the Nuclear So and So's,,,,,,,,,,,,,,,,,,
FALSE,"Thursday, June 7, 2012",Metro,Chicago,Illinois,Matt Skiba & the Sekrets,Smoking Popes,,,,,,,,,,,,,,,,,
FALSE,"Saturday, June 16, 2012",Centennial Terrace,Sylvania,Ohio,The Outlaw Rodeo Show,Counting Crows,,,,,,,,,,,,,,,,,
FALSE,"Sunday, July 1, 2012",Ottobar,Baltimore,Maryland,Motion City Soundtrack,The Henry Clay People,,,,,,,,,,,,,,,,,
FALSE,"Saturday, July 7, 2012",Navy Pier,Chicago,Illinois,Counting Crows,Grace Potter & the Nocturnals,,,,,,,,,,,,,,,,,
FALSE,"Friday, July 13, 2012",Yeatman’s Cove,Cincinnati,Ohio,Bunbury Music Festival ’12,Jane’s Addiction,Airborne Toxic Event,Ra Ra Riot,Quiet Corral,Madi Diaz,The Minor Leagues,Crash Kings,,,,,,,,,,,
FALSE,"Saturday, July 14, 2012",Yeatman’s Cove,Cincinnati,Ohio,Bunbury Music Festival ’12,Weezer,Grouplove,The Gaslight Anthem,The Bright Light Social Hour,Manchester Orchestra,,,,,,,,,,,,,
FALSE,"Sunday, July 15, 2012",Yeatman’s Cove,Cincinnati,Ohio,Bunbury Music Festival ’12,Death Cab for Cutie,Guided by Voices,Will Hoge,Margot & the Nuclear So & So’s,,,,,,,,,,,,,,
FALSE,"Friday, July 27, 2012",Schubas,Chicago,Illinois,The Wallflowers,,,,,,,,,,,,,,,,,,
FALSE,"Sunday, July 29, 2012",Brookfield Zoo,Brookfield,Illinois,American English,,,,,,,,,,,,,,,,,,
FALSE,"Wednesday, August 1, 2012",Lincoln Hall,Chicago,Illinois,Delta Spirit,,,,,,,,,,,,,,,,,,
FALSE,"Friday, August 3, 2012",Lincoln Hall,Chicago,Illinois,Blind Pilot,,,,,,,,,,,,,,,,,,
FALSE,"Saturday, August 4, 2012",Empty Bottle,Chicago,Illinois,Hey Rosetta!,,,,,,,,,,,,,,,,,,
FALSE,"Tuesday, August 7, 2012",Metro,Chicago,Illinois,Garbage,,,,,,,,,,,,,,,,,,
FALSE,"Saturday, September 8, 2012",Wrigley Field,Chicago,Illinois,Bruce Springsteen & the E Street Band,,,,,,,,,,,,,,,,,,
FALSE,"Saturday, September 15, 2012",Humboldt Park,Chicago,Illinois,Riot Fest ’12,The Gaslight Anthem,,,,,,,,,,,,,,,,,
FALSE,"Sunday, September 16, 2012",Humboldt Park,Chicago,Illinois,Riot Fest ’12,Alkaline Trio,Elvis Costello & the Imposters,,,,,,,,,,,,,,,,
FALSE,"Friday, October 12, 2012",House of Blues,Chicago,Illinois,Motion City Soundtrack,Jukebox the Ghost,,,,,,,,,,,,,,,,,
FALSE,"Tuesday, October 23, 2012",Lincoln Hall,Chicago,Illinois,Hey Rosetta!,,,,,,,,,,,,,,,,,,
FALSE,"Sunday, December 30, 2012",Double Door,Chicago,illinois,Butch Walker,,,,,,,,,,,,,,,,,,
FALSE,"Monday, December 31, 2012",Bottom Lounge,Chicago,illinois,Butch Walker,,,,,,,,,,,,,,,,,,
FALSE,"Tuesday, April 23, 2013",The Catalyst,Santa Cruz,California,Local Natives,,,,,,,,,,,,,,,,,,
FALSE,"Saturday, April 27, 2013",Arlene Schnitzer Concert Hall,Portland,Oregon,Blind Pilot,Portland Symphony Orchestra,,,,,,,,,,,,,,,,,
FALSE,"Sunday, May 19, 2013",Rio Theatre,Santa Cruz,California,Beck,,,,,,,,,,,,,,,,,,
FALSE,"Saturday, June 8, 2013",Fonda Theatre,Los Angeles,California,Tom Petty and the Heartbreakers,,,,,,,,,,,,,,,,,,
FALSE,"Sunday, June 9, 2013",Fonda Theatre,Los Angeles,California,Tom Petty and the Heartbreakers,,,,,,,,,,,,,,,,,,
FALSE,"Saturday, June 22, 2013",Wicker Park/Damen Ave,Chicago,Illinois,Green Music Fest ’13,Manchester Orchestra,,,,,,,,,,,,,,,,,
FALSE,"Thursday, July 18, 2013",Americas Cup Pavilion,San Francisco,California,Counting Crows,The Wallflowers,,,,,,,,,,,,,,,,,
FALSE,"Friday, July 26, 2013",Infinite Loop,Cupertino,California,Beer Bash,Phillip Phillips,,,,,,,,,,,,,,,,,
FALSE,"Friday, August 23, 2013",Pacific Amphitheater,Costa Mesa,California,The Airborne Toxic Event with the Pacific Symphony,Delta Spirit,,,,,,,,,,,,,,,,,
TRUE,"Saturday, September 14, 2013",The Independent,San Francisco,California,Grouplove,,,,,,,,,,,,,,,,,,
TRUE,"Saturday, September 21, 2013",The Catalyst,Santa Cruz,California,Jimmy Eat World,,,,,,,,,,,,,,,,,,
FALSE,"Thursday, October 17, 2013",California Academy of Sciences,San Francisco,California,Thao & the Get Down Stay Down,,,,,,,,,,,,,,,,,,
FALSE,"Saturday, November 23, 2013",Sports Arena,Los Angeles,California,Pearl Jam,,,,,,,,,,,,,,,,,,
FALSE,"Saturday, December 7, 2013",Oracle Arena,Oakland,California,Not So Silent Night 2013,Arcade Fire,Phoenix,Alt J,Lorde,,,,,,,,,,,,,,
FALSE,"Friday, December 13, 2013",Infinite Loop,Cupertino,California,Beer Bash,Mary J Blige,,,,,,,,,,,,,,,,,
FALSE,"Saturday, December 14, 2013",The Fillmore,San Francisco,California,Lettuce,,,,,,,,,,,,,,,,,,
TRUE,"Saturday, March 15, 2014",The Fillmore,San Francisco,California,Railroad Earth,blah,,,,,,,,,,,,,,,,,
TRUE,"Tuesday, March 25, 2014",SAP Centre,San Jose,California,Kings of Leon,Local Natives,,,,,,,,,,,,,,,,,
TRUE,"Saturday, March 29, 2014",Fox Theater,Oakland,California,Widespread Panic,,,,,,,,,,,,,,,,,,
FALSE,"Friday, May 9, 2014",Atlantic Station,Atlanta,Georgia,Shaky Knees 2014,The National,The Gaslight Anthem,Spoon,Cage the Elephant,The Airborne Toxic Event,Dropkick Murphys,Band of Skulls,Charles Bradley & his Extraordinaires,Bright Light Social Hour,White Denim,Wild Belle,The Whigs,,,,,,
FALSE,"Saturday, May 10, 2014",Atlantic Station,Atlanta,Georgia,Shaky Knees 2014,Modest Mouse,Conor Oberst,Houndmouth,Cold War Kids,Dawes,Lord Huron,Tokyo Police Club,Hayes Carll,Gregory Alan Isakov,Packway Handle Band,The Apache Relay,Wake Owl,Fly Golden Eagle,,,,,
FALSE,"Saturday, May 10, 2014",CenterStage,Atlanta,Georgia,Shaky Knees After Show,Spoon,Wake Owl,,,,,,,,,,,,,,,,
FALSE,"Sunday, May 11, 2014",Atlantic Station,Atlanta,Georgia,Shaky Knees 2014,Alabama Shakes,Edward Sharpe & the Magnetic Zeros,Violent Femmes,Local Natives,Trampled by Turtles,The Hold Steady,Iron & Wine,Jason Isbell ,Blitzen Trapper,Deer Tick,The Weeks,,,,,,,
FALSE,"Saturday, June 7, 2014",Golden Gate Park,San Francisco,California,Chipotle Cultivate Festival ‘14,Andrew McMahon,,,,,,,,,,,,,,,,,
FALSE,"Saturday, June 28, 2014",House of Blues,Chicago,Illinois,Lucky Boy's Confusion,Penny and the Loafers,,,,,,,,,,,,,,,,,
FALSE,"Wednesday, July 31, 2014",Shoreline Amphitheater,Mountain View,California,The Arcade Fire,,,,,,,,,,,,,,,,,,
FALSE,"Thursday, August 7, 2014",California Academy of Sciences,San Francisco,California,Typhoon,,,,,,,,,,,,,,,,,,
FALSE,"Friday, August 8, 2014",Golden Gate Park,San Francisco,California,Outside Lands 2014,Kanye West,Arctic Monkeys,Typhoon,Tedeschi Trucks Band,Disclosure,Bear Hands,Grouplove,Mikal Cronin,Holy Ghost!,Nahko and Medicine for the People,Phosphorescent,Run the Jewels,,,,,,
FALSE,"Saturday, August 9, 2014",Golden Gate Park,San Francisco,California,Outside Lands 2014,Tom Petty & the Heartbreakers,Death Cab for Cutie,Capital Cities,Tycho,Local Natives,,,,,,,,,,,,,
FALSE,"Sunday, August 10, 2014",Golden Gate Park,San Francisco,California,Outside Lands 2014,Flaming Lips,Spoon,Paolo Nutini,,,,,,,,,,,,,,,
FALSE,"Thursday, August 14, 2014",Infinite Loop,Cupertino,California,Beer Bash,Michael Franti & Spearhead,,,,,,,,,,,,,,,,,
FALSE,"Friday, August 15, 2014",Greek Theatre,Berkeley,California,Counting Crows,Toad the Wet Sprocket,,,,,,,,,,,,,,,,,
FALSE,"Saturday, August 23, 2014",Monterey County Fairgrounds,Monterey,California,First City Festival ‘14,Beck,Blind Pilot,Phantogram,Unknown Mortal Orchestra,Tanlines,Best Coast,Mimicking Birds,Tokyo Police Club,Cocoroise,,,,,,,,,
FALSE,"Saturday, August 30, 2014",Metro,Chicago,Illinois,J Davis Trio,,,,,,,,,,,,,,,,,,
FALSE,"Tuesday, September 9, 2014",Seattle Center,Seattle,Washington,Tableau Conference Customer Appreciation Party ‘14,Sir Mix-a-lot,The Head & The Heart,,,,,,,,,,,,,,,,
FALSE,"Wednesday, September 10, 2014",Showbox,Seattle,Washington,The Breeders,The Neptunas,,,,,,,,,,,,,,,,,
FALSE,"Thursday, September 18, 2014",The Fillmore,San Francisco,California,The Airborne Toxic Event,Kiev,,,,,,,,,,,,,,,,,
FALSE,"Friday, September 19, 2014",The Fillmore,San Francisco,California,The Airborne Toxic Event,In the Valley Below,,,,,,,,,,,,,,,,,
FALSE,"Saturday, September 20, 2014",The Fillmore,San Francisco,California,The Airborne Toxic Event,White Arrows,,,,,,,,,,,,,,,,,
FALSE,"Tuesday, September 30, 2014",Red Rocks Amphitheatre,Morrison,Colorado,Tom Petty & the Heartbrakers,Steve Winwood,,,,,,,,,,,,,,,,,
FALSE,"Wednesday, October 1, 2014",Red Rocks Amphitheatre,Morrison,Colorado,Tom Petty & the Heartbrakers,Steve Winwood,,,,,,,,,,,,,,,,,
FALSE,"Saturday, October 11, 2004",The Theatre at Ace Hotel,Los Angeles,California,LA Bluegrass Situation ‘14,Lord Huron,Blind Pilot,,,,,,,,,,,,,,,,
FALSE,"Friday, October 17, 2014",Slim’s,San Francisco,California,Andrew McMahon in the Wilderness,Junior Prom,Hunted Hunter,,,,,,,,,,,,,,,,
FALSE,"Saturday, November 8, 2014",Fox Theater,Oakland,California,Foster the People,,,,,,,,,,,,,,,,,,
FALSE,"Saturday, November 22, 2014",The Catalyst,Santa Cruz,California,Cold War Kids,Avid Dancer,,,,,,,,,,,,,,,,,
FALSE,"Saturday, December 13, 2014",Orpheum Theatre,Madison,Wisconsin,Counting Crows,,,,,,,,,,,,,,,,,,
TRUE,"Friday, February 13, 2015",The Fillmore,San Francisco,California,Motion City Soundtrack CTTM 10th Anniversary,Hellogoodbye,,,,,,,,,,,,,,,,,
TRUE,"Saturday, March 15, 2015",Fox Theater,Oakland,California,Railroad Earth,?,,,,,,,,,,,,,,,,,
TRUE,"Sunday, May 3, 2015",Southern Alberta Jubilee Auditorium,Calgary,Alberta (Canada),Counting Crows,Twin Forks,,,,,,,,,,,,,,,,,
TRUE,"Monday, May 4, 2015",Northern Alberta Jubilee Auditorium,Edmonton,Alberta (Canada),Counting Crows,Twin Forks,,,,,,,,,,,,,,,,,
TRUE,"Friday, May 29, 2015",Fox Theater,Oakland,California,Spoon,,,,,,,,,,,,,,,,,,
FALSE,"Saturday, June 26, 2015",Levi's Stadium,Santa Clara,California,The Grateful Dead,,,,,,,,,,,,,,,,,,
FALSE,"Sunday, June 27, 2015",Levi's Stadium,Santa Clara,California,The Grateful Dead,,,,,,,,,,,,,,,,,,
FALSE,"Saturday, September 12, 2015",Northerly Island,Chicago,Illinois,Counting Crows,Citizen Cope,,,,,,,,,,,,,,,,,
FALSE,"Saturday, October 10, 2015",The Warfield,San Francisco,California,DNC Hope Fundraiser,Kanye West,President Barack Obama,,,,,,,,,,,,,,,,
FALSE,"Tuesday, October 20, 2015",Freemont Street,Las Vegas,Nevada,Data Night Out TC15,Fitz & the Tantrums,Robert DeLong,Band of Horses,PHOX,,,,,,,,,,,,,,
FALSE,"Sunday, December 20, 2015",Revolution Hall,Portland,Oregon,Typhoon,,,,,,,,,,,,,,,,,,
FALSE,"Wednesday, January 20, 2016",Regency Ballroom,San Francisco,California,Jack’s Mannequin,She is We,,,,,,,,,,,,,,,,,
FALSE,"Tuesday, February 9, 2016",The Catalyst,Santa Cruz,California,Lettuce,,,,,,,,,,,,,,,,,,
FALSE,"Tuesday, April 19, 2016",Moe's Alley,Santa Cruz,California,Roger Clyne & the Peacemakers,,,,,,,,,,,,,,,,,,
FALSE,"Monday, May 9, 2016",Regency Ballroom,San Francisco,California,Motion City Soundtrack,The Spill Canvas,,,,,,,,,,,,,,,,,
FALSE,"Friday, May 20, 2016",Infinite Loop,Cupertino,California,X Ambassadors,,,,,,,,,,,,,,,,,,
FALSE,"Friday, June 3, 2016",Greek Theatre,Berkeley,California,Paul Simon,,,,,,,,,,,,,,,,,,
TRUE,"Friday, August 5, 2016",Golden Gate Park,San Francisco,California,Outside Lands 2016,J Cole,LCD Sound System,Beach House,Polica,Grimes,Big Boi,Nathaniel Rateliff & the Night Sweats,Duran Duran,,,,,,,,,,
TRUE,"Saturday, August 6, 2016",Golden Gate Park,San Francisco,California,Outside Lands 2016,Radiohead,Anderson.Paak & the Free Nationals,Sufjan Stevens,Warren G,Air,The Last Shadow Puppets,Big Grams,Electric Beethoven Acid Test,Lord Huron,Years & Years,The Knocks,Rogue Wave,,,,,,
TRUE,"Sunday, August 7, 2016",Golden Gate Park,San Francisco,California,Outside Lands 2016,Chance the Rapper,Brandi Carlile,Third Eye Blind,Dr Teeth & the Electric Mayhem,Oh Wonder,Kamasi Washington,,,,,,,,,,,,
TRUE,"Monday, August 15, 2016",Lagunitas,Peteluma,California,Live at Lagunitas,Blind Pilot,,,,,,,,,,,,,,,,,
FALSE,"Thursday, September 8, 2016",The Ritz,San Jose,California,Eve 6,,,,,,,,,,,,,,,,,,
FALSE,"Saturday, September 10, 2016",Shoreline Amphitheater,Mountain View,California,Counting Crows,Rob Thomas,,,,,,,,,,,,,,,,,
FALSE,"Friday, September 16, 2016",Douglas Park,Chicago,Illinois,Riot Fest '16,Jimmy Eat World,,,,,,,,,,,,,,,,,
FALSE,"Saturday, September 17, 2016",Douglas Park,Chicago,Illinois,Riot Fest '16,Nas,Death Cab for Cutie,Method Man & Redman,Brand New,Fitz and the Tantrums,The Walters,Motion City Soundtrack,Smoking Popes,Hippo Campus,Dee-1,Microwave,Sleepy Kitty,Donna Missal,Plague Vendor,Brick + Mortar,,,
TRUE,"Sunday, September 18, 2016",Metro,Chicago,Illinois,Motion City Soundtrack,Lifted Bells,,,,,,,,,,,,,,,,,
TRUE,"Saturday, January 28, 2017",The Fillmore,San Francisco,California,Railroad Earth,,,,,,,,,,,,,,,,,,
TRUE,"Sunday, March 12, 2017",Oracle Arena,Oakland,California,Red Hot Chili Peppers,Trombone Shorty & Orleans Avenue,,,,,,,,,,,,,,,,,
TRUE,"Friday, March 17, 2017",Fox Theater,Oakland,California,Lettuce,,,,,,,,,,,,,,,,,,
TRUE,"Saturday, March 18, 2017",Riviera,Chicago,Illinois,Cold War Kids,,,,,,,,,,,,,,,,,,
TRUE,"Friday, March 24, 2017",House of Blues,Chicago,Illinois,Andrew McMahon in the Wilderness,Atlas Genius,,,,,,,,,,,,,,,,,
TRUE,"Saturday, April 22, 2017",Ace of Spades,Sacramento,California,Jimmy Eat World,,,,,,,,,,,,,,,,,,
TRUE,"Saturday, June 10, 2017",Shoreline Amphitheater,Mountain View,California,Live 105's BFD 2017,Phoenix,Cold War Kids,Milky Chance,Andrew McMahon in the Wilderness,Nine Pound Shadow,Cemetery Sun,Birthday,LP,Mondo Cozmo,,,,,,,,,
TRUE,"Wednesday, August 2, 2017",Vic,Chicago,illinois,Foster the People,Honne,,,,,,,,,,,,,,,,,
TRUE,"Thursday, August 3, 2017",Grant Park,Chicago,Illinois,Lollapalooza ‘17,Lorde,Cage the Elephant,Wiz Khalifa,Liam Gallagher,Spoon,Capital Cities,Hippo Campus,Atlas Genius,,,,,,,,,,
TRUE,"Friday, August 4, 2017",Grant Park,Chicago,Illinois,Lollapalooza ‘17,Blink 182,Foster the People,Crystal Castles,Andrew McMahon in the Wilderness,,,,,,,,,,,,,,
TRUE,"Friday, August 4, 2017",Bottom Lounge,Chicago,Illinois,Andrew McMahon in the Wilderness,,,,,,,,,,,,,,,,,,
TRUE,"Saturday, August 5, 2017",Grant Park,Chicago,Illinois,Lollapalooza ‘17,Chance the Rapper,The xx,Alt J,The Head and the Heart,Glass Animals,Vance Joy,Live,,,,,,,,,,,
TRUE,"Sunday, August 6, 2017",Grant Park,Chicago,Illinois,Lollapalooza ‘17,Arcade Fire,The Shins,Milky Chance,Grouplove,,,,,,,,,,,,,,
TRUE,"Friday, August 11, 2017",Golden Gate Park,San Francisco,California,Outside Lands 2017,Gorillaz,,,,,,,,,,,,,,,,,
TRUE,"Saturday, August 12, 2017",Golden Gate Park,San Francisco,California,Outside Lands 2017,Metallica,Cage the Elephant,,,,,,,,,,,,,,,,
TRUE,"Wednesday, August 16, 2017",Mountain Winery,Saratoga,California,Gregory Alan Isakov,Blind Pilot,,,,,,,,,,,,,,,,,
TRUE,"Monday, August 28, 2017",Greek Theatre,Berkeley,California,Tom Petty & the Heartbrakers,The Shelters,,,,,,,,,,,,,,,,,
TRUE,"Friday, September 15, 2017",Del Mar Fairgrounds,Del Mar,California,Kaaboo ‘17,Red Hot Chili Peppers,Weezer,Ke$ha,,,,,,,,,,,,,,,
TRUE,"Saturday, September 16, 2017",Del Mar Fairgrounds,Del Mar,California,Kaaboo ‘17,P!nk,Jane’s Addiction,Ice Cube,Logic,Garbage,The Wallflowers,Toad the Wet Sprocket,Ages and Ages,,,,,,,,,,
TRUE,"Sunday, September 17, 2017",Del Mar Fairgrounds,Del Mar,California,Kaaboo ‘17,Tom Petty & the Heartbreakers,Alanis Morissette,Jackson Browne,Live,Milky Chance,Pete Yorn,,,,,,,,,,,,
TRUE,"Thursday, September 21, 2017",Fox Theater,Oakland,California,Milky Chance,,,,,,,,,,,,,,,,,,
,"Wednesday, October 11, 2017",Mandalay Bay Conference Center,Las Vegas,Nevada,TCC ’17 Data Night Out,Empire of the Sun,,,,,,,,,,,,,,,,,
TRUE,"Saturday, October 21, 2017",Oracle Arena,Oakland,California,Arcade Fire,Angel Olsen,,,,,,,,,,,,,,,,,
TRUE,"Monday, November 13, 2017",Great American Music Hall,San Francisco,California,Gin Blossoms,,,,,,,,,,,,,,,,,,
TRUE,"Tuesday, November 14, 2017",Civic National City,San Jose,California,Third Eye Blind,,,,,,,,,,,,,,,,,,
TRUE,"Saturday, November 18, 2017",Green Music Center (Sonoma State University),Sonoma,California,Counting Crows,,,,,,,,,,,,,,,,,,
TRUE,"Friday, December 1, 2017",Aragon Ballroom,Chicago,Illinois,Q101’s Nights We Stole Christmas,Foster the People,Cold War Kids,,,,,,,,,,,,,,,,
TRUE,"Friday, January 27, 2018",Riviera Theater,Chicago,Illinois,Milky Chance,,,,,,,,,,,,,,,,,,
,"Saturday, February 3, 2018",Fox Theater,Oakland,California,Stick Figure,Twiddle,,,,,,,,,,,,,,,,,
TRUE,"Friday, February 16, 2018",Fox Theater,Oakland,California,Lettuce,,,,,,,,,,,,,,,,,,
TRUE,"Thursday, March 1, 2018",Arlene Schnitzer Concert Hall,Portland,Oregon,Blind Pilot with Orchestra,,,,,,,,,,,,,,,,,,
TRUE,"Friday, May 4, 2018",Red Rocks Amphitheatre,Morrison,Colorado,Twiddle,Stick Figure,A Hip Abduction,,,,,,,,,,,,,,,,
TRUE,"Wednesday, May 23, 2018",Fillmore,San Francisco,California,Andrew McMahon in the Wilderness ,,,,,,,,,,,,,,,,,,
TRUE,"Thursday, June 14, 2018",Terrapin Station,San Rafael,California,Mihali,,,,,,,,,,,,,,,,,,
TRUE,"Saturday, June 16, 2018",Terrapin Station,San Rafael,California,Phil Lesch & Friends,Twiddle,,,,,,,,,,,,,,,,,
TRUE,"Saturday, July 14, 2018",The Joint / Hard Rock Hotel & Casino,Las Vegas,Nevada,Counting Crows,Live,,,,,,,,,,,,,,,,,
TRUE,"Wednesday, July 25, 2018",Shoreline Amphitheater,Mountain View,California,311,The Offspring,Gym Class Heroes,,,,,,,,,,,,,,,,
TRUE,"Friday, August 10, 2018",Golden Gate Park,San Francisco,California,Outside Lands 2018,Beck,,,,,,,,,,,,,,,,,
TRUE,"Saturday, August 11, 2018",Golden Gate Park,San Francisco,California,Outside Lands 2018,,,,,,,,,,,,,,,,,,
TRUE,"Sunday, August 12, 2018",Golden Gate Park,San Francisco,California,Outside Lands 2018,Janet Jackson,Rainbow Kitten Surprise,,,,,,,,,,,,,,,,
TRUE,"Monday, August 27, 2018",Oracle Arena,Oakland,California,Smashing Pumpkins,,,,,,,,,,,,,,,,,,
TRUE,"Friday, September 21, 2018",Greek Theatre,Berkeley,California,Arcade Fire,Grizzly Bear,,,,,,,,,,,,,,,,,
TRUE,"Friday, September 28, 2018",Avaya Stadium,San Jose,California,P1440,Grouplove,,,,,,,,,,,,,,,,,
TRUE,"Saturday, September 29, 2018",Avaya Stadium,San Jose,California,P1440,Foster the People,,,,,,,,,,,,,,,,,
TRUE,"Thursday, October 18, 2018",Catalyst,Santa Cruz,California,Alkaline Trio,,,,,,,,,,,,,,,,,,
TRUE,"Thursday, November 8, 2018",Fox Theater,Oakland,California,Soja,Twiddle,,,,,,,,,,,,,,,,,
TRUE,"Wednesday, December 5, 2018",Bottom of the Hill,San Francisco,California,Justin Courtney Pierre,,,,,,,,,,,,,,,,,,
TRUE,"Wednesday, December 12, 2018",SAP Centre,San Jose,California,Childish Gambino,,,,,,,,,,,,,,,,,,
TRUE,"Friday, February 8, 2019",Concord,Chicago,Illinois,Twiddle,,,,,,,,,,,,,,,,,,
TRUE,"Thursday, March 7, 2019",The Fillmore,San Francisco,California,Twiddle,,,,,,,,,,,,,,,,,,
TRUE,"Friday, March 8, 2019",The Catalyst,Santa Cruz,California,Twiddle,,,,,,,,,,,,,,,,,,
TRUE,"Thursday, March 21, 2019",Fox Theater,Oakland,California,Andrew McMahon in the Wilderness,,,,,,,,,,,,,,,,,,
TRUE,"Thursday, May 2, 2019",Red Rocks Amphitheatre,Morrison,Colorado,Twiddle,Pigeons Playing Ping Pong,Kitchen Dwellers,,,,,,,,,,,,,,,,
TRUE,"Wednesday, June 12, 2019",Steve Jobs Theater,Cupertino,California,Ludovico Einaudi,,,,,,,,,,,,,,,,,,
TRUE,"Saturday, June 15, 2019",Bill Graham Civic Auditorium,San Francisco,California,Summer Gods Tour,Third Eye Blind,Jimmy Eat World,Ra Ra Riot,,,,,,,,,,,,,,,
TRUE,"Friday, June 21, 2019",Fox Theater,Oakland,California,Local Natives,,,,,,,,,,,,,,,,,,
TRUE,"Saturday, June 22, 2019",Hollywood Palladium,Hollywood,California,Local Natives,,,,,,,,,,,,,,,,,,
TRUE,"Sunday, June 23, 2019",Cow Palace,Daly City,California,High Times Cannabis Cup,Stick Figure,Twiddle,,,,,,,,,,,,,,,,
TRUE,"Thursday, June 27, 2019",Bill Graham Civic Auditorium,San Francisco,California,Anderson Paak,,,,,,,,,,,,,,,,,,
TRUE,"Monday, July 15, 2019",Virginia Street Brewhouse,Reno,Nevada,Spoon,,,,,,,,,,,,,,,,,,
TRUE,"Thursday, August 1, 2019",North Island Credit Union Amphitheatre,Chula Vista,California,Summer Gods Tour,Third Eye Blind,Jimmy Eat World,Ra Ra Riot,,,,,,,,,,,,,,,
TRUE,"Friday, August 9, 2019",Golden Gate Park,San Francisco,California,Outside Lands 2019,Counting Crows,Brass Tracks,Blink-182,Yaeji,Lauren Daigle,Lil Wayne,,,,,,,,,,,,
TRUE,"Friday, August 9, 2019",Fox Theater,Oakland,California,Paul Simon,,,,,,,,,,,,,,,,,,
TRUE,"Saturday, August 20, 2019",Golden Gate Park,San Francisco,California,Outside Lands 2019,Childish Gambino,Hozier,Better Oblivion Community Center,Flume,Alina Baraz,Phosphorescent,Edie Brickell & the New Bohemians,Santigold,Wallows,,,,,,,,,
TRUE,"Sunday, August 11, 2019",Golden Gate Park,San Francisco,California,Outside Lands 2019,Paul Simon,Anderson.Paak & the Free Nationals,Toro y Moi,Bob Moses,Kacey Musgraves,DJ Koze,Judah & the Lion,Nahko & Medicine for the People,Alex Lahey,Leven Kali,PJ Morton,,,,,,,
TRUE,"Saturday, October 19, 2019",Fox Theater,Oakland,California,Judah & the Lion,,,,,,,,,,,,,,,,,,
TRUE,"Monday, November 11, 2019",El Rey Theatre,Los Angeles,California,10th Annual Dear Jack Benefit,Andrew McMahon,,,,,,,,,,,,,,,,,
TRUE,"Wednesday, November 20, 2019",The Fillmore,San Francisco,California,Cold War Kids,,,,,,,,,,,,,,,,,,
TRUE,"Friday, November 22, 2019",The Warfield,San Francisco,California,Manchester Orchestra,,,,,,,,,,,,,,,,,,
TRUE,"Monday, December 16, 2019",Crystal Ballroom,Portland,Oregon,Local Natives,,,,,,,,,,,,,,,,,,
TRUE,"Wednesday, December 18, 2019",The Independent,San Francisco,California,Andrew McMahon,,,,,,,,,,,,,,,,,,
TRUE,"Friday, December 20, 2019",The Cave Big Bear,Big Bear Lake,California,Andrew McMahon,,,,,,,,,,,,,,,,,,
TRUE,"Saturday, January 25, 2020",The UC Theatre,Berkeley,California,Motion City Soundtrack,,,,,,,,,,,,,,,,,,
TRUE,"Saturday, March 7, 2020",The Fillmore,San Francisco,California,Twiddle,,,,,,,,,,,,,,,,,,
TRUE,"Friday, October 2, 2020",Schaumburg Boomers Stadium,Schaumburg,Illinois,Andrew McMahon in the Wilderness,,,,,,,,,,,,,,,,,,
TRUE,"Saturday, October 3, 2020",Schaumburg Boomers Stadium,Schaumburg,Illinois,Andrew McMahon in the Wilderness,,,,,,,,,,,,,,,,,,
TRUE,"Sunday, October 4, 2020",Schaumburg Boomers Stadium,Schaumburg,Illinois,Andrew McMahon in the Wilderness,,,,,,,,,,,,,,,,,,
TRUE,"Tuesday, July 27, 2021",Gnarlywood,Carlsbad,California,Angels & Airwaves,,,,,,,,,,,,,,,,,,
TRUE,"Tuesday, August 31, 2021",Edgefield Amphitheater,Troutdale,Oregon,Counting Crows,,,,,,,,,,,,,,,,,,
TRUE,"Friday, September 3, 2021",Ogden Amphitheatre,Ogden,Utah,Spoon,,,,,,,,,,,,,,,,,,
TRUE,"Thursday, September 9, 2021",Topaz Farm,Portland,Oregon,Blind Pilot,,,,,,,,,,,,,,,,,,
TRUE,"Friday, September 10, 2021",Topaz Farm,Portland,Oregon,Blind Pilot,,,,,,,,,,,,,,,,,,
TRUE,"Monday, September 27, 2021",Ace of Spades,Sacramento,California,Cold War Kids,,,,,,,,,,,,,,,,,,
TRUE,"Saturday, October 9, 2021",Radius,Chicago,Illinois,Angels & Airwaves,,,,,,,,,,,,,,,,,,
TRUE,"Monday, October 11, 2021",The Van Buren,Phoenix,Arizona,Bleachers,Claud,,,,,,,,,,,,,,,,,
TRUE,"Wednesday, October 20, 2021",Crystal Ballroom,Portland,Oregon,Bleachers,,,,,,,,,,,,,,,,,,
TRUE,"Thursday, October 28, 2021",Aragon Ballroom,Chicago,Illinois,Bleachers,,,,,,,,,,,,,,,,,,
TRUE,"Friday, October 29, 2021",Wild Buffalo,Bellingham,Washington,Twiddle,,,,,,,,,,,,,,,,,,
TRUE,"Tuesday, November 2, 2021",Tractor Tavern,Seattle,Washington,Tokyo Police Club,,,,,,,,,,,,,,,,,,
TRUE,"Saturday, November 6, 2021",XL Live,Harrisburg,Pennsylvania,Bleachers,Claud,,,,,,,,,,,,,,,,,
TRUE,"Saturday, November 13, 2021",Park West,Chicago,Illinois,Twiddle,,,,,,,,,,,,,,,,,,
TRUE,"Wednesday, November 17, 2021",Wiltern Theater,Los Angeles,California,Foster the People:  Torches 10th Anniversary,,,,,,,,,,,,,,,,,,
TRUE,"Saturday, December 4, 2021",Fort Lauderdale Beach,Fort Lauderdale,Florida,Audacy Beach Festival,Bleachers,Milky Chance,Glass Animals,,,,,,,,,,,,,,,
TRUE,"Sunday, December 6, 2021",Fort Lauderdale Beach,Fort Lauderdale,Florida,Audacy Beach Festival,Cold War Kids,,,,,,,,,,,,,,,,,
TRUE,"Thursday, December 16, 2021",The Moore Theatre,Seattle,Washington,Milky Chance,,,,,,,,,,,,,,,,,,
TRUE,"Wednesday, February 23, 2022",The Moore Theatre,Seattle,Washington,Manchester Orchestra,,,,,,,,,,,,,,,,,,
TRUE,"Wednesday, May 11, 2022",Alma,Tacoma,Washington,Delta Spirit,Palm Palm,,,,,,,,,,,,,,,,,
TRUE,"Monday, June 13, 2022",Edmonds Center for the Arts,Edmonds,Washington,Ben Folds,,,,,,,,,,,,,,,,,,
TRUE,"Monday, June 20, 2022",Red Rocks Amphitheatre,Morrison,Colorado,Bleachers,,,,,,,,,,,,,,,,,,
TRUE,"Thursday, July 14, 2022",Neptune Theatre,Seattle,Washington,Motion City Soundtrack CTTM 17th Anniversary,All Get Out,,,,,,,,,,,,,,,,,
TRUE,"Friday, July 15, 2022",Pioneer Square Courthouse,Portland,Oregon,Blind Pilot,,,,,,,,,,,,,,,,,,
TRUE,"Monday, July 18, 2022",Showbox,Seattle,Washington,The Airborne Toxic Event,,,,,,,,,,,,,,,,,,
TRUE,"Friday, July 28, 2022",Levi's Stadium,Santa Clara,California,Red Hot Chili Peppers,Beck,Thundercat,,,,,,,,,,,,,,,,
TRUE,"Thursday, September 1, 2022",Showbox SODO,Seattle,Washington,Andrew McMahon in the Wilderness,,,,,,,,,,,,,,,,,,
TRUE,"Monday, September 12, 2022",Showbox,Seattle,Washington,Judah & the Lion,Smallpools,,,,,,,,,,,,,,,,,
TRUE,"Tuesday, September 13, 2022",Madame Lou’s,Seattle,Washington,Good Kid,,,,,,,,,,,,,,,,,,
TRUE,"Thursday, September 15, 2022",Metro,Chicago,Illinois,Alkaline Trio,Sincere Engineer,,,,,,,,,,,,,,,,,
TRUE,"Friday, September 16, 2022",Humboldt Park,Chicago,Illinois,Riot Fest ‘22,My Chemical Romance,Bleachers,The Wonder Years,,,Lucky Boy’s Confusion,Sincere Engineer,,,,,,,,,,,
TRUE,"Saturday, September 17, 2022",Humboldt Park,Chicago,Illinois,Riot Fest ‘22,Yellowcard ,Gwar,The Front Bottoms,The Story So Far,Bad Religion,Yungblud,7 Seconds,Movements,,,,,,,,,,
TRUE,"Saturday, September 17, 2022",Metro,Chicago,Illinois,Riot Fest ’22 Aftershow,Jimmy Eat World,Charly Bliss,,,,,,,,,,,,,,,,
TRUE,"Sunday, September 18, 2022",Humboldt Park,Chicago,Illinois,Riot Fest ‘22,Sleater-Kinney,Jimmy Eat World,Polica,,,,,,,,,,,,,,,
TRUE,"Tuesday, September 27, 2022",Neptune Theatre,Seattle,Washington,The Wallflowers,,,,,,,,,,,,,,,,,,
TRUE,"Thursday, October 20, 2022",Neumo’s,Seattle,Washington,Spafford,,,,,,,,,,,,,,,,,,
TRUE,"Wednesday, October 26, 2022",Paramount Theatre,Seattle,Washington,Death Cab for Cutie,,,,,,,,,,,,,,,,,,
TRUE,"Friday, October 28, 2022",Arizona Financial Theatre,Phoenix,Arizona,Jimmy Eat World,,,,,,,,,,,,,,,,,,
TRUE,"Saturday, October 29, 2022",Las Vegas Fairgrounds,Las Vegas,Nevada,When We Were Young ‘22,,Alkaline Trio,Jimmy Eat World,Manchester Orchestra,The Wonder Years,Acceptance,,,,,,,,,,,,
TRUE,"Friday, November 11, 2022",House of Blues,Chicago,Illinois,13th Annual Dear Jack Benefit,Andrew McMahon in the Wilderness,Academy is dude,,,,,,,,,,,,,,,,
TRUE,"Wednesday, November 30, 2022",Commodore Ballroom,Vancouver,Canada,Bleachers,The Airborne Toxic Event,,,,,,,,,,,,,,,,,
TRUE,"Thursday, March 2, 2023",The Crocodile,Seattle,Washington,Twiddle,Eggy,,,,,,,,,,,,,,,,,
TRUE,"Tuesday, March 7, 2023",Showbox SODO,Seattle,Washington,The Wonder Years,Hot Mulligan,,,,,,,,,,,,,,,,,
TRUE,"Wednesday, March 15, 2023",Paramount Theatre,Seattle,Washington,John Mellencamp,,,,,,,,,,,,,,,,,,
TRUE,"Tuesday, May 2, 2023",Neptune Theatre,Seattle,Washington,Go Go Penguin,,,,,,,,,,,,,,,,,,
TRUE,"Thursday, May 11, 2023",Madame Lou’s,Seattle,Washington,Couch,,,,,,,,,,,,,,,,,,
TRUE,"Thursday, June 1, 2023",Climate Pledge Arena,Seattle,Washington,The Cure,,,,,,,,,,,,,,,,,,
TRUE,"Sunday, June 23, 2023",Climate Pledge Arena,Seattle,Washington,Blink 182,,,,,,,,,,,,,,,,,,
TRUE,"Tuesday, July 11, 2023",Big Sky Brewing Amphitheatre,Missoula,Montana,Jimmy Eat World,Manchester Orchestra,Middle Kids,,,,,,,,,,,,,,,,
TRUE,"Friday, July 14, 2023",The Podium,Spokane,Washington,Jimmy Eat World,Manchester Orchestra,,,,,,,,,,,,,,,,,
TRUE,"Saturday July 15, 2023",WAMU Theater,Seattle,Washington,Jimmy Eat World,Manchester Orchestra,,,,,,,,,,,,,,,,,
TRUE,"Thursday, July 27, 2023",Climate Pledge Arena,Seattle,Washington,Tears for Fears,Cold War Kids,,,,,,,,,,,,,,,,,
TRUE,"Saturday, July 29, 2023",Five Points Amphitheatre,Irvine,California,Sad Summer Fest ‘23,Taking Back Sunday,Andrew McMahon,The Maine,,,,,,,,,,,,,,,
TRUE,"Friday, August 11, 2023",Marymoor Live,Redmond,Washington,Young the Giant,Milky Chance,,,,,,,,,,,,,,,,,
TRUE,"Wednesday, August 16, 2023",Salt Shed,Chicago,Illinois,Manchester Orchestra,Jimmy Eat World,,,,,,,,,,,,,,,,,
TRUE,"Friday, August 25, 2023",Paramount Theatre,Seattle,Washington,Ed Sheeran:  - Tour,,,,,,,,,,,,,,,,,,
TRUE,"Saturday, September 16, 2023",Chateau Ste Michelle Winery,Woodinville,Washington,Counting Crows,,,,,,,,,,,,,,,,,,
TRUE,"Tuesday, September 26, 2023",WAMU Theater,Seattle,Washington,The All-American Rejects,Motion City Soundtrack,The Get Up Kids,,,,,,,,,,,,,,,,
TRUE,"Tuesday, September 26, 2023",Paramount Theatre,Seattle,Washington,Local Natives,,,,,,,,,,,,,,,,,,
TRUE,"Friday, October 6, 2023",Climate Pledge Arena,Seattle,Washington,The Postal Service,Death Cab for Cutie,,,,,,,,,,,,,,,,,
TRUE,"Saturday, October 21, 2023",Las Vegas Fairgrounds,Las Vegas,Nevada,When We Were Young ‘23,Blink 182,Green Day,Something Corporate,Motion City Soundtrack,Hot Mulligan,The Academy Is…,Yellowcard,,,,,,,,,,,
TRUE,"Saturday, November 4, 2023",Tim’s Tavern,Seattle,Washington,Ichi Bichi,Atrocity Girl,,,,,,,,,,,,,,,,,
TRUE,"Saturday, November 11, 2023",Mission Ballroom,Denver,Colorado,Twiddle,Melt,,,,,,,,,,,,,,,,,
TRUE,"Wednesday, January 31, 2024",Fillmore,San Francisco,California,Cold War Kids,Hovvdy,,,,,,,,,,,,,,,,,
FALSE,"Saturday, February 3, 2024",The Moore Theatre,Seattle,Washington,Cold War Kids,Hovvdy,,,,,,,,,,,,,,,,,
TRUE,"Wednesday, February 28, 2024",Showbox SODO,Seattle,Washington,Grouplove,Bully,,,,,,,,,,,,,,,,,
TRUE,"Saturday, March 23, 2024",The Crocodile,Seattle,Washington,Typhoon,,,,,,,,,,,,,,,,,,
TRUE,"Saturday, March 23, 2024",Showbox SODO,Seattle,Washington,Alkaline Trio,Drug Church,,,,,,,,,,,,,,,,,
TRUE,"Tuesday, April 9, 2024",El Corazon,Seattle,Washington,Spanish Love Songs,Oso Oso,Worry Club,Sydney Sprague,,,,,,,,,,,,,,,
TRUE,"Friday, May 24, 2024",T-Mobile Park,Seattle,Washington,Billy Joel,,,,,,,,,,,,,,,,,,
TRUE,"Thursday, June 13, 2024",WAMU Theater,Seattle,Washington,Third Eye Blind,Yellowcard,Arizona,,,,,,,,,,,,,,,,
TRUE,"Saturday, June 22, 2024",Climate Pledge Arena,Seattle,Washington,Cage the Elephant,Young the Giant,,,,,,,,,,,,,,,,,
TRUE,"Friday, October 11, 2024",Showbox,Seattle,Washington,The Airborne Toxic Event,Brigitte Calls Me Baby,,,,,,,,,,,,,,,,,
TRUE,"Saturday, October 12, 2024",Showbox,Seattle,Washington,The Airborne Toxic Event,Brigitte Calls Me Baby,,,,,,,,,,,,,,,,,
TRUE,"Saturday, November 9, 2024",Norwegian Gem Cruise Ship,,Atlantic Ocean,Holiday from Real Cruise ‘24,Jack's Mannequin,Augustana,The Academy Is…,,,,,,,,,,,,,,,
FALSE,"Sunday, November 10, 2024",Norwegian Gem Cruise Ship,,Atlantic Ocean,Holiday from Real Cruise ‘24,Something Corporate,The Academy Is…,Bikelock,,,,,,,,,,,,,,,
TRUE,"Monday, November 11, 2024",Norwegian Gem Cruise Ship,,Atlantic Ocean,Holiday from Real Cruise ‘24,Andrew McMahon in the Wilderness,Cartel,Zac Clark,,,,,,,,,,,,,,,
TRUE,"Tuesday, November 12, 2024",Norwegian Gem Cruise Ship,,Atlantic Ocean,Holiday from Real Cruise ‘24,Augustana,Andrew McMahon & Friends,The Academy Is,,,,,,,,,,,,,,,
FALSE,"Saturday, January 25, 2025",Paramount Theatre,Seattle,Washington,Foster the People,Good Neighbors,,,,,,,,,,,,,,,,,
TRUE,"Monday, January 27, 2025",The Venice West,Venice,California,Jack's Mannequin,,,,,,,,,,,,,,,,,,
TRUE,"Monday, February 24, 2025",Neptune Theatre,Seattle,Washington,Blind Pilot,,,,,,,,,,,,,,,,,,
TRUE,"Wednesday, April 2, 2025",,Austin,Texas,band,,,,,,,,,,,,,,,,,,
TRUE,"Wednesday, June 18, 2025",Neptune Theatre,Seattle,Washington,Spacehog,EMF,Ecce Shnak,,,,,,,,,,,,,,,,
TRUE,"Friday, June 20, 2025",Salt Shed,Chicago,Illinois,Jack’s Mannequin,The Early November,,,,,,,,,,,,,,,,,
TRUE,"Saturday, June 21, 2025",Downtown Winnetka,Winnetka,Illinois,Winnetka Music Festival ‘25,Cold War Kids,Pete Yorn,Kam Franklin,Winnetka Bowling League,Augustana, ,,,,,,,,,,,,
TRUE,"Tuesday, July 8, 2025",White River Amphitheater ,Auburn,Washington,Live,Collective Soul,Our Lady Peace,,,,,,,,,,,,,,,,
FALSE,"Friday, August 22, 2025",Showbox,Seattle,Washington,Acceptance,The Classic Crime,Aaron Sprinkle,,,,,,,,,,,,,,,,
TRUE,"Wednesday, September 3, 2025",White River Amphitheater ,Auburn,Washington,The Offspring,Jimmy Eat World,,,,,,,,,,,,,,,,,
FALSE,"Sunday, September 14, 2025",Emerald Queen Casino,Tacoma,Washington,Everclear,Local H,Sponge,,,,,,,,,,,,,,,,
TRUE,"Tuesday, November 11, 2025",Paramount Theatre,Seattle,Washington,David Byrne,,,,,,,,,,,,,,,,,,
TRUE,"Wednesday, November 19, 2025",Showbox SODO,Seattle,Washington,Jack’s Mannequin,illuminati hottie,,,,,,,,,,,,,,,,,
TRUE,"Sunday, November 23, 2025",Showbox SODO,Seattle,Washington,Hot Mulligan,Drug Church,Arm’s Length,Anxious,,,,,,,,,,,,,,,
TRUE,"Tuesday, December 2, 2025",Showbox SODO,Seattle,Washington,Motion City Soundtrack,Say Anything,Oso Oso,Tourist Activity,,,,,,,,,,,,,,,
FALSE,"Tuesday, December 9, 2025",Palace of Fine Arts,San Francisco,California,Mike Campbell & the Dirty Knobs,,,,,,,,,,,,,,,,,,
FALSE,"Saturday, March 14, 2026",Sunset Tavern,Seattle,Washington,Ages and Ages,Scarves,,,,,,,,,,,,,,,,,
FALSE,"Thursday, March 26, 2026",Plaza Theatre,Palm Springs,California,The Last Night on Earth,The Airborne Toxic Event,,,,,,,,,,,,,,,,,
TRUE,"Friday, March 27, 2026",Plaza Theatre,Palm Springs,California,The Last Night on Earth,The Airborne Toxic Event w/Palm Springs Symphony,,,,,,,,,,,,,,,,,
FALSE,"Saturday, March 28, 2026",Hotel Zoso Woodstock Ballroom,Palm Springs,California,The Airborne Toxic Event (acoustic),,,,,,,,,,,,,,,,,,
FALSE,"Saturday, March 28, 2026",Plaza Theatre,Palm Springs,California,The Last Night on Earth,The Airborne Toxic Event,,,,,,,,,,,,,,,,,
TRUE,"Saturday, April 18, 2026",House of Blues Las Vegas,Las Vegas,Nevada,Motion City Soundtrack,,,,,,,,,,,,,,,,,,
TRUE,"Wednesday, April 29, 2026",Fox Theater,Oakland,California,Oh Wonder,,,,,,,,,,,,,,,,,,
FALSE,"Saturday, May 2, 2026",Showbox,Seattle,Washington,The Academy is…,Jon Walker,Ian Crawford,,,,,,,,,,,,,,,,
FALSE,"Saturday, May 9, 2026",Showbox SODO,Seattle,Washington,Good Kid,INOHA,,,,,,,,,,,,,,,,,
FALSE,"Friday, May 15, 2026",The Crocodile,Seattle,Washington,Tripping Daisy,,,,,,,,,,,,,,,,,,
TRUE,"Friday, May 22, 2026",O2 Academy Islington,London,England,Motion City Soundtrack,Cartel,Beauty School,,,,,,,,,,,,,,,,
FALSE,"Wednesday, June 24, 2026",Showbox SODO,Seattle,Washington,Our Lady Peace,The Verve Pipe,,,,,,,,,,,,,,,,,
FALSE,"Saturday, July 18, 2026",WAMU Theater,Seattle,Washington,Jimmy Eat World,Motion City Soundtrack,,,,,,,,,,,,,,,,,
FALSE,,,,,,,,,,,,,,,,,,,,,,,
FALSE,"Sunday, July 19, 2026",Doug Mitchell Thunderbird Sports Center,Vancouver,Canada,Jimmy Eat World,Motion City Soundtrack,,,,,,,,,,,,,,,,,
FALSE,"Friday, July 24, 2026",Topaz Farm,Portland,Oregon,Blind Pilot,,,,,,,,,,,,,,,,,,
FALSE,"Saturday, July 25, 2026",Marymoor Live,Seattle,Washington,Young the Giant,Cold War Kids,,,,,,,,,,,,,,,,,
FALSE,"Tuesday, July 28, 2026",Paramount Theatre,Seattle,Washington,Of Monsters and Men,,,,,,,,,,,,,,,,,,
FALSE,"Saturday, August 1, 2026",Lumen Field,Seattle,Washington,Ed Sheeran,,,,,,,,,,,,,,,,,,
FALSE,"Friday, August 7, 2026",Hollywood Bowl,Los Angeles,California,Counting Crows,,,,,,,,,,,,,,,,,,
FALSE,"Friday, August 14, 2026",Huntington Bank Pavilion,Chicago,Illinois,Three Pianos,Andrew McMahon in the Wilderness,Jack’s Mannequin,Something Corporate,,,,,,,,,,,,,,,
FALSE,"Thursday, August 20, 2026",Huntington Bank Pavilion,Chicago,Illinois,Jimmy Eat World,,The Get Up Kids,,,,,,,,,,,,,,,,
FALSE,"Sunday, August 23, 2026",RiverEdge,Aurora,Illinois,Third Eye Blind,,,,,,,,,,,,,,,,,,
FALSE,"Wednesday, September 16, 2026",WAMU Theater,Seattle,Washington,Foster the People,,,,,,,,,,,,,,,,,,
FALSE,"Saturday, September 19, 2026",Dune Peninsula,Tacoma,Washington,Bleachers,,,,,,,,,,,,,,,,,,
FALSE,"Sunday, September 20, 2026",Showbox SODO,Seattle,Washington,The Airborne Toxic Event,,,,,,,,,,,,,,,,,,
FALSE,"Saturday, October 3, 2026",Hidden Hall,Seattle,Washington,Cytrus,,,,,,,,,,,,,,,,,,
FALSE,"Monday, October 5, 2026",Showbox,Seattle,Washington,Judah & the Lion,,,,,,,,,,,,,,,,,,
FALSE,"Tuesday, October 20, 2026",WAMU Theater,Seattle,Washington,Rise Against,Alkaline Trio,,,,,,,,,,,,,,,,,
FALSE,"Friday, November 6, 2026",Climate Pledge Arena,Seattle,Washington,Smashing Pumpkins,,,,,,,,,,,,,,,,,,
FALSE,"Saturday, December 5, 2026",Chop Suey,Seattle,Washington,Pete Yorn,,,,,,,,,,,,,,,,,,
FALSE,"Wednesday, November 25, 2026",Showbox,Seattle,Washington,Boston Manor,Ben Quad,,,,,,,,,,,,,,,,,